family,2016-10-15,2016-10-16,2016-10-17,2016-10-18,2016-10-19,2016-10-20,2016-10-21,2016-10-22,2016-10-23,2016-10-24,2016-10-25,2016-10-26,2016-10-27,2016-10-28,2016-10-29,2016-10-30,2016-10-31,2016-11-01,2016-11-02,2016-11-03,2016-11-04,2016-11-05,2016-11-06,2016-11-07,2016-11-08,2016-11-09,2016-11-10,2016-11-11,2016-11-12,2016-11-13,2016-11-14,2016-11-15,2016-11-16,2016-11-17,2016-11-18,2016-11-19,2016-11-20,2016-11-21,2016-11-22,2016-11-23,2016-11-24,2016-11-25,2016-11-26,2016-11-27,2016-11-28,2016-11-29,2016-11-30,2016-12-01,2016-12-02,2016-12-03,2016-12-04,2016-12-05,2016-12-06,2016-12-07,2016-12-08,2016-12-09,2016-12-10,2016-12-11,2016-12-12,2016-12-13,2016-12-14,2016-12-15,2016-12-16,2016-12-17,2016-12-18,2016-12-19,2016-12-20,2016-12-21,2016-12-22,2016-12-23,2016-12-24,2016-12-26,2016-12-27,2016-12-28,2016-12-29,2016-12-30,2016-12-31,2017-01-01,2017-01-02,2017-01-03,2017-01-04,2017-01-05,2017-01-06,2017-01-07,2017-01-08,2017-01-09,2017-01-10,2017-01-11,2017-01-12,2017-01-13,2017-01-14,2017-01-15,2017-01-16,2017-01-17,2017-01-18,2017-01-19,2017-01-20,2017-01-21,2017-01-22,2017-01-23,2017-01-24,2017-01-25,2017-01-26,2017-01-27,2017-01-28,2017-01-29,2017-01-30,2017-01-31,2017-02-01,2017-02-02,2017-02-03,2017-02-04,2017-02-05,2017-02-06,2017-02-07,2017-02-08,2017-02-09,2017-02-10,2017-02-11,2017-02-12,2017-02-13,2017-02-14,2017-02-15,2017-02-16,2017-02-17,2017-02-18,2017-02-19,2017-02-20,2017-02-21,2017-02-22,2017-02-23,2017-02-24,2017-02-25,2017-02-26,2017-02-27,2017-02-28,2017-03-01,2017-03-02,2017-03-03,2017-03-04,2017-03-05,2017-03-06,2017-03-07,2017-03-08,2017-03-09,2017-03-10,2017-03-11,2017-03-12,2017-03-13,2017-03-14,2017-03-15,2017-03-16,2017-03-17,2017-03-18,2017-03-19,2017-03-20,2017-03-21,2017-03-22,2017-03-23,2017-03-24,2017-03-25,2017-03-26,2017-03-27,2017-03-28,2017-03-29,2017-03-30,2017-03-31,2017-04-01,2017-04-02,2017-04-03,2017-04-04,2017-04-05,2017-04-06,2017-04-07,2017-04-08,2017-04-09,2017-04-10,2017-04-11,2017-04-12,2017-04-13,2017-04-14,2017-04-15,2017-04-16,2017-04-17,2017-04-18,2017-04-19,2017-04-20,2017-04-21,2017-04-22,2017-04-23,2017-04-24,2017-04-25,2017-04-26,2017-04-27,2017-04-28,2017-04-29,2017-04-30,2017-05-01,2017-05-02,2017-05-03,2017-05-04,2017-05-05,2017-05-06,2017-05-07,2017-05-08,2017-05-09,2017-05-10,2017-05-11,2017-05-12,2017-05-13,2017-05-14,2017-05-15,2017-05-16,2017-05-17,2017-05-18,2017-05-19,2017-05-20,2017-05-21,2017-05-22,2017-05-23,2017-05-24,2017-05-25,2017-05-26,2017-05-27,2017-05-28,2017-05-29,2017-05-30,2017-05-31,2017-06-01,2017-06-02,2017-06-03,2017-06-04,2017-06-05,2017-06-06,2017-06-07,2017-06-08,2017-06-09,2017-06-10,2017-06-11,2017-06-12,2017-06-13,2017-06-14,2017-06-15,2017-06-16,2017-06-17,2017-06-18,2017-06-19,2017-06-20,2017-06-21,2017-06-22,2017-06-23,2017-06-24,2017-06-25,2017-06-26,2017-06-27,2017-06-28,2017-06-29,2017-06-30,2017-07-01,2017-07-02,2017-07-03,2017-07-04,2017-07-05,2017-07-06,2017-07-07,2017-07-08,2017-07-09,2017-07-10,2017-07-11,2017-07-12,2017-07-13,2017-07-14,2017-07-15,2017-07-16,2017-07-17,2017-07-18,2017-07-19,2017-07-20,2017-07-21,2017-07-22,2017-07-23,2017-07-24,2017-07-25,2017-07-26,2017-07-27,2017-07-28,2017-07-29,2017-07-30,2017-07-31,2017-08-01,2017-08-02,2017-08-03,2017-08-04,2017-08-05,2017-08-06,2017-08-07,2017-08-08,2017-08-09,2017-08-10,2017-08-11,2017-08-12,2017-08-13,2017-08-14,2017-08-15
AUTOMOTIVE,388.0,499.0,266.0,262.0,237.0,288.0,272.0,432.0,517.0,299.0,438.0,257.0,259.0,262.0,431.0,489.0,308.0,349.0,509.0,444.0,388.0,418.0,504.0,284.0,274.0,271.0,230.0,263.0,448.0,516.0,326.0,281.0,330.0,304.0,249.0,441.0,471.0,336.0,319.0,319.0,326.0,366.0,492.0,480.0,311.0,245.0,284.0,354.0,300.0,552.0,492.0,353.0,386.0,296.0,285.0,345.0,428.0,561.0,321.0,284.0,274.0,322.0,325.0,476.0,552.0,425.0,356.0,388.0,431.0,475.0,502.0,611.0,436.0,503.0,448.0,443.0,518.0,5.0,620.0,448.0,369.0,342.0,325.0,554.0,507.0,321.0,258.0,341.0,291.0,283.0,459.0,554.0,346.0,307.0,308.0,258.0,278.0,469.0,477.0,299.0,267.0,261.0,265.0,279.0,441.0,493.0,330.0,379.0,411.0,352.0,388.0,670.0,578.0,364.0,288.0,427.0,362.0,354.0,523.0,565.0,336.0,370.0,311.0,352.0,331.0,629.0,458.0,304.0,293.0,354.0,336.0,484.0,630.0,481.0,440.0,545.0,439.0,386.0,458.0,584.0,663.0,370.0,377.0,321.0,350.0,355.0,526.0,583.0,407.0,285.0,352.0,401.0,338.0,472.0,577.0,349.0,316.0,320.0,295.0,334.0,579.0,596.0,353.0,356.0,370.0,347.0,335.0,759.0,559.0,370.0,404.0,432.0,348.0,373.0,572.0,565.0,346.0,343.0,373.0,403.0,493.0,540.0,499.0,347.0,358.0,330.0,375.0,408.0,543.0,584.0,364.0,315.0,359.0,380.0,309.0,572.0,546.0,657.0,361.0,324.0,347.0,295.0,548.0,571.0,296.0,304.0,315.0,314.0,296.0,439.0,352.0,337.0,338.0,347.0,307.0,313.0,539.0,579.0,292.0,303.0,313.0,267.0,542.0,499.0,486.0,306.0,357.0,274.0,381.0,363.0,557.0,650.0,398.0,370.0,329.0,341.0,366.0,510.0,544.0,317.0,340.0,351.0,342.0,344.0,537.0,483.0,365.0,348.0,347.0,311.0,339.0,493.0,581.0,362.0,306.0,315.0,324.0,342.0,618.0,545.0,409.0,393.0,317.0,317.0,308.0,517.0,534.0,321.0,302.0,286.0,331.0,325.0,460.0,533.0,334.0,301.0,310.0,325.0,353.0,493.0,489.0,347.0,319.0,296.0,339.0,344.0,541.0,529.0,361.0,454.0,420.0,368.0,419.0,513.0,583.0,355.0,327.0,314.0,313.0,441.0,403.0,481.0,292.0,337.0
BABY CARE,21.0,29.0,21.0,11.0,23.0,8.0,9.0,12.0,17.0,12.0,20.0,12.0,12.0,10.0,11.0,23.0,12.0,26.0,20.0,21.0,12.0,14.0,23.0,29.0,19.0,12.0,12.0,6.0,16.0,11.0,20.0,30.0,15.0,12.0,5.0,15.0,19.0,30.0,14.0,6.0,2.0,12.0,10.0,19.0,6.0,6.0,10.0,19.0,8.0,20.0,34.0,20.0,19.0,9.0,12.0,8.0,21.0,14.0,16.0,14.0,10.0,11.0,16.0,7.0,33.0,22.0,12.0,25.0,11.0,11.0,20.0,31.0,13.0,12.0,18.0,8.0,11.0,2.0,14.0,16.0,18.0,19.0,15.0,14.0,13.0,24.0,13.0,15.0,16.0,16.0,21.0,23.0,17.0,9.0,12.0,7.0,9.0,15.0,19.0,22.0,15.0,14.0,7.0,15.0,19.0,24.0,25.0,20.0,13.0,21.0,21.0,22.0,31.0,15.0,15.0,13.0,11.0,16.0,19.0,19.0,18.0,13.0,9.0,21.0,4.0,27.0,7.0,17.0,20.0,11.0,10.0,6.0,8.0,19.0,9.0,26.0,18.0,26.0,14.0,28.0,20.0,23.0,13.0,15.0,10.0,9.0,11.0,25.0,14.0,9.0,15.0,15.0,16.0,11.0,22.0,14.0,10.0,11.0,12.0,5.0,10.0,14.0,14.0,12.0,5.0,15.0,6.0,24.0,15.0,7.0,12.0,13.0,4.0,8.0,15.0,7.0,6.0,7.0,5.0,11.0,13.0,12.0,18.0,15.0,5.0,5.0,3.0,5.0,13.0,9.0,8.0,7.0,10.0,8.0,9.0,10.0,14.0,9.0,9.0,6.0,7.0,11.0,10.0,9.0,13.0,14.0,12.0,6.0,5.0,13.0,6.0,6.0,6.0,8.0,3.0,10.0,16.0,21.0,6.0,8.0,9.0,2.0,15.0,7.0,14.0,8.0,4.0,6.0,6.0,18.0,11.0,12.0,10.0,6.0,14.0,5.0,10.0,16.0,12.0,13.0,10.0,2.0,8.0,6.0,7.0,12.0,9.0,9.0,12.0,5.0,15.0,11.0,9.0,7.0,3.0,10.0,10.0,17.0,22.0,18.0,8.0,16.0,6.0,14.0,9.0,13.0,6.0,9.0,12.0,25.0,8.0,8.0,19.0,13.0,8.0,10.0,11.0,3.0,2.0,9.0,9.0,8.0,12.0,9.0,13.0,9.0,11.0,14.0,17.0,12.0,15.0,6.0,14.0,10.0,16.0,14.0,5.0,10.0,5.0,7.0,3.0,9.0,9.0,8.0
BEAUTY,342.0,451.0,277.0,231.0,222.0,223.0,227.0,369.0,440.0,230.0,264.0,278.0,228.0,298.0,413.0,563.0,330.0,470.0,558.0,436.0,490.0,441.0,792.0,345.0,324.0,283.0,231.0,260.0,409.0,511.0,262.0,250.0,314.0,208.0,259.0,363.0,438.0,236.0,256.0,216.0,241.0,254.0,382.0,343.0,240.0,221.0,274.0,300.0,281.0,455.0,542.0,288.0,383.0,234.0,199.0,201.0,321.0,392.0,216.0,225.0,252.0,228.0,222.0,343.0,445.0,281.0,270.0,307.0,270.0,341.0,411.0,485.0,325.0,352.0,311.0,361.0,355.0,3.0,629.0,388.0,372.0,320.0,352.0,542.0,627.0,305.0,351.0,285.0,236.0,254.0,420.0,488.0,305.0,289.0,256.0,215.0,248.0,384.0,473.0,286.0,243.0,217.0,189.0,221.0,376.0,466.0,244.0,288.0,342.0,280.0,271.0,535.0,468.0,247.0,272.0,221.0,211.0,214.0,333.0,410.0,232.0,155.0,239.0,208.0,222.0,398.0,330.0,215.0,234.0,199.0,244.0,301.0,368.0,306.0,255.0,408.0,277.0,279.0,264.0,422.0,438.0,255.0,253.0,183.0,137.0,154.0,228.0,330.0,193.0,156.0,179.0,166.0,185.0,254.0,314.0,219.0,150.0,187.0,151.0,175.0,305.0,337.0,145.0,155.0,183.0,169.0,208.0,484.0,374.0,223.0,230.0,232.0,184.0,190.0,277.0,370.0,219.0,170.0,184.0,196.0,240.0,304.0,325.0,216.0,192.0,183.0,178.0,195.0,300.0,359.0,188.0,192.0,191.0,188.0,177.0,361.0,367.0,472.0,245.0,244.0,245.0,199.0,326.0,458.0,240.0,224.0,219.0,206.0,234.0,435.0,330.0,319.0,299.0,316.0,283.0,291.0,531.0,645.0,319.0,256.0,278.0,243.0,440.0,367.0,429.0,220.0,257.0,307.0,280.0,267.0,411.0,626.0,260.0,254.0,245.0,173.0,187.0,296.0,424.0,212.0,191.0,235.0,198.0,274.0,435.0,408.0,270.0,293.0,279.0,197.0,213.0,371.0,502.0,314.0,248.0,246.0,220.0,271.0,536.0,634.0,417.0,348.0,293.0,234.0,194.0,360.0,416.0,285.0,234.0,205.0,191.0,223.0,370.0,415.0,278.0,229.0,239.0,212.0,201.0,319.0,447.0,292.0,253.0,245.0,215.0,221.0,388.0,453.0,276.0,324.0,335.0,307.0,329.0,530.0,558.0,317.0,328.0,315.0,309.0,351.0,369.0,433.0,337.0,339.0
BEVERAGES,197333.0,258559.0,151406.0,129897.0,127212.0,124603.0,144526.0,192343.0,241561.0,142098.0,124323.0,128716.0,120153.0,136370.0,194747.0,232250.0,148589.0,182070.0,215033.0,180293.0,193535.0,208685.0,270422.0,187162.0,166081.0,164618.0,129184.0,150597.0,222661.0,291398.0,165265.0,160177.0,181322.0,138887.0,167311.0,220970.0,278158.0,172392.0,151843.0,157465.0,133102.0,170648.0,223057.0,263835.0,177635.0,140124.0,164748.0,178953.0,185360.0,255126.0,297968.0,182323.0,207703.0,178510.0,140546.0,163758.0,209125.0,260947.0,168443.0,148518.0,159319.0,146315.0,169151.0,226210.0,270298.0,196844.0,194254.0,198153.0,198308.0,226894.0,236331.0,227027.0,177554.0,192477.0,186177.0,240693.0,243518.0,4008.0,335235.0,243422.0,211239.0,175975.0,189393.0,261820.0,297197.0,186203.0,171274.0,164531.0,145461.0,174206.0,252034.0,301353.0,199820.0,184129.0,176227.0,144535.0,162192.0,264633.0,299512.0,191891.0,167718.0,160219.0,125294.0,156006.0,226837.0,257357.0,155191.0,165171.0,192241.0,155016.0,173306.0,256450.0,265030.0,171537.0,156490.0,161764.0,132978.0,164050.0,220696.0,255490.0,169350.0,129329.0,147599.0,137081.0,156814.0,246049.0,213733.0,167601.0,157364.0,148629.0,149845.0,182391.0,230937.0,168924.0,165020.0,212594.0,204522.0,180400.0,186437.0,257990.0,276118.0,169456.0,157163.0,150271.0,147502.0,177393.0,245596.0,288397.0,178705.0,163684.0,173812.0,164418.0,188890.0,259101.0,297490.0,192579.0,172289.0,167424.0,153886.0,182043.0,257097.0,284616.0,188293.0,164975.0,177997.0,136349.0,188660.0,336063.0,264738.0,188774.0,184424.0,181898.0,153189.0,171158.0,228604.0,262298.0,170621.0,163715.0,171716.0,177420.0,179465.0,216599.0,233163.0,175805.0,158029.0,149701.0,144429.0,169675.0,236707.0,285611.0,175184.0,161949.0,164587.0,143934.0,180469.0,250534.0,249008.0,303807.0,200529.0,188754.0,149629.0,161279.0,233814.0,287104.0,166843.0,145619.0,147196.0,135028.0,154026.0,244193.0,206986.0,179114.0,169098.0,165675.0,133381.0,161718.0,227900.0,280849.0,169143.0,151437.0,153706.0,136779.0,212870.0,212127.0,254132.0,171962.0,158403.0,174304.0,166771.0,204402.0,278488.0,339352.0,214773.0,184706.0,181931.0,152212.0,178063.0,242234.0,311184.0,176821.0,158624.0,158633.0,142765.0,181072.0,250214.0,245520.0,179095.0,173553.0,154251.0,125467.0,160086.0,218486.0,263497.0,166889.0,140339.0,143776.0,136268.0,170346.0,271027.0,297619.0,199766.0,173857.0,170074.0,150965.0,178964.0,232222.0,262375.0,179826.0,162466.0,158262.0,149968.0,181719.0,246513.0,283097.0,193199.0,170182.0,163361.0,163747.0,183117.0,229380.0,245466.0,188077.0,160403.0,156176.0,141686.0,191922.0,249085.0,274030.0,195504.0,215546.0,204566.0,156806.0,187818.0,225481.0,250784.0,179419.0,160636.0,153010.0,156449.0,189111.0,182318.0,202354.0,174832.0,170773.0
BOOKS,117.0,127.0,83.0,110.0,90.0,78.0,96.0,114.0,94.0,84.0,53.0,83.0,52.0,70.0,61.0,62.0,39.0,58.0,55.0,40.0,47.0,47.0,52.0,92.0,49.0,40.0,35.0,51.0,36.0,59.0,43.0,30.0,50.0,34.0,39.0,34.0,46.0,35.0,47.0,36.0,35.0,36.0,36.0,42.0,41.0,30.0,34.0,26.0,35.0,54.0,48.0,30.0,34.0,34.0,25.0,26.0,23.0,35.0,37.0,28.0,24.0,20.0,27.0,31.0,40.0,24.0,33.0,50.0,48.0,46.0,45.0,36.0,33.0,27.0,22.0,45.0,41.0,0.0,26.0,44.0,41.0,22.0,29.0,26.0,39.0,27.0,28.0,26.0,21.0,24.0,31.0,30.0,21.0,27.0,22.0,15.0,19.0,37.0,24.0,19.0,21.0,27.0,18.0,27.0,28.0,21.0,14.0,20.0,31.0,27.0,23.0,29.0,39.0,25.0,21.0,20.0,17.0,13.0,18.0,21.0,21.0,16.0,19.0,9.0,23.0,21.0,19.0,17.0,16.0,9.0,12.0,8.0,17.0,17.0,20.0,21.0,21.0,10.0,16.0,16.0,26.0,19.0,17.0,8.0,16.0,15.0,26.0,17.0,14.0,18.0,12.0,10.0,12.0,10.0,26.0,16.0,15.0,19.0,14.0,12.0,16.0,15.0,10.0,15.0,12.0,11.0,8.0,11.0,9.0,9.0,9.0,14.0,8.0,7.0,13.0,12.0,13.0,3.0,11.0,14.0,13.0,13.0,3.0,5.0,7.0,4.0,6.0,5.0,11.0,14.0,5.0,4.0,7.0,6.0,6.0,9.0,7.0,9.0,2.0,7.0,6.0,9.0,3.0,6.0,8.0,11.0,5.0,8.0,3.0,12.0,4.0,5.0,6.0,3.0,8.0,2.0,3.0,4.0,8.0,3.0,5.0,1.0,2.0,2.0,2.0,2.0,2.0,1.0,3.0,2.0,2.0,2.0,1.0,2.0,2.0,1.0,5.0,0.0,3.0,3.0,3.0,5.0,5.0,4.0,3.0,1.0,0.0,0.0,0.0,1.0,1.0,4.0,2.0,1.0,1.0,0.0,1.0,2.0,6.0,4.0,1.0,0.0,1.0,1.0,1.0,3.0,0.0,1.0,1.0,0.0,0.0,5.0,1.0,0.0,2.0,5.0,1.0,0.0,2.0,4.0,1.0,1.0,1.0,0.0,2.0,0.0,0.0,1.0,1.0,0.0,2.0,0.0,1.0,0.0,1.0,0.0,1.0,2.0,0.0,0.0,0.0,1.0,0.0,0.0
BREAD/BAKERY,31196.085,42381.796,27230.185,23855.06603,23354.60197,21635.38596,23858.692,30221.436999999998,38682.92294,25095.738,23224.029,22601.711,21491.257,23744.78,28788.527000000002,35065.572,23393.683,26266.842,29341.763,25127.78902,27630.57191,28501.618,41088.963,29661.601,26902.452,26556.556,21911.681,26055.031,32567.95498,44902.4041,27738.419,24621.543999999998,28056.49092,21872.581,25379.18708,31817.005,41201.825,28066.548,24081.446,26137.696,20867.52305,24137.254,29541.882,38434.773,27130.069,23043.38497,25649.692,25923.751,26246.306,34652.3071,43995.695,27941.012,30523.1849,27945.28,22218.94,25685.06,28866.48303,38209.014,27056.235,23722.677,25084.019,23453.237,25739.269,30530.6741,39059.725,29161.98202,27318.79,28701.268,26675.39202,28858.233,27301.83697,29190.65597,25662.129,26546.551,24134.10398,31058.871,31432.83107,490.573,45621.159999999996,35916.702,32084.673,26757.627,27749.157,35068.903,41942.762,28934.065,26632.135,27484.065,23296.13,27171.48,35036.16897,44006.639989999996,30605.741,26390.172,27459.107,22410.604,26599.79198,37495.28898,42799.407,29777.463,25637.769,27586.894,23316.22197,27873.242000000002,35151.09681,42198.71302,28705.781,29084.41798,33187.2,26954.79,30017.65512,37703.445,41884.251000000004,29098.216,26992.256,27527.496,23861.177,28404.396,34339.565,43707.244,32191.745,24062.02198,27873.2311,24924.725,27448.672,37131.519,33248.0051,28400.424,26123.692,26399.98102,25068.89212,28576.834,33767.85188,27868.235099999998,25556.97502,33502.715,36097.442,28790.647,30096.02,37619.97098,42920.20597,29100.739999999998,27495.331,27561.733,24670.341,29201.241,35315.20908,43747.136,29540.249,27335.64,30437.322,26659.851,29900.407,36291.954,43457.347,30861.28898,26472.997,27581.886,23181.470999999998,27598.740999999998,34769.41503,41165.0929,28248.935,24206.7699,27683.508,22308.675,29589.59008,45561.273,38362.32703,28603.191,27265.2021,28376.857,22679.06897,24993.918,32604.958,38745.583,25891.30098,23715.96797,24161.85696,24042.343,24614.739,29308.94,35625.402,27849.63897,25093.312,25783.608,24198.339,27107.234,32110.8359,41113.932,27754.37,26282.87802,27025.692,22195.83303,26805.27696,34711.151,35445.25898,44579.61597,31567.837,29955.104,24374.95398,26587.677,34575.62397,45090.14698,29234.573,26332.646,26429.543999999998,23586.987,25751.942,36539.6351,32881.28,30969.837,29316.227,28390.973,23206.898,27250.539,34673.53997,43966.883,28491.50203,25610.219,25838.382999999998,22609.13797,32348.5522,32096.58,39801.257,29523.625,26738.852,30575.07898,26412.13,28757.22,37014.70698,46445.71698,30361.753,26507.896,27771.144,23135.54902,26476.327,32908.3771,43157.834969999996,28125.892,25406.69902,27323.993,24072.57498,27130.592,36456.287,36064.358,30510.167,29337.30702,27474.723,23410.36701,27454.647,34144.42313,41699.514,28669.222999999998,25639.12502,26531.135000000002,24142.70603,27596.8001,38304.17298,44839.791,32696.443,28806.21,28769.54202,24758.21,28049.33897,32995.155,40633.641,29713.900999999998,26240.07602,26799.802,23350.788,26526.85402,31755.759,39647.66697,29796.482,25286.87397,25960.303,23985.15398,25576.58097,30155.566,35511.562,29497.73002,25603.78505,25293.67002,22202.827,26636.29697,32232.35003,37865.139,30381.733,31075.70698,29808.405,24495.84399,28771.1359,32727.437,38117.948,29332.098,26226.518,25880.209,23947.023,28204.486,27403.548,33262.757,28002.457,29158.19502
CELEBRATION,1205.0,676.0,534.0,587.0,665.0,703.0,851.0,1075.0,673.0,513.0,539.0,606.0,543.0,897.0,950.0,659.0,527.0,665.0,688.0,681.0,876.0,801.0,536.0,595.0,594.0,576.0,595.0,923.0,1173.0,620.0,464.0,481.0,684.0,619.0,888.0,1157.0,607.0,478.0,539.0,666.0,628.0,828.0,1067.0,543.0,484.0,443.0,668.0,703.0,893.0,1080.0,730.0,646.0,722.0,723.0,1219.0,1140.0,1136.0,778.0,785.0,740.0,756.0,1165.0,1064.0,1319.0,1355.0,1345.0,1304.0,1498.0,1913.0,1565.0,1182.0,678.0,865.0,760.0,746.0,771.0,857.0,7.0,767.0,574.0,604.0,672.0,990.0,1158.0,590.0,499.0,854.0,657.0,729.0,841.0,1121.0,763.0,642.0,588.0,563.0,635.0,849.0,1117.0,678.0,545.0,510.0,620.0,607.0,984.0,1243.0,653.0,408.0,541.0,871.0,694.0,927.0,1201.0,669.0,563.0,643.0,597.0,657.0,854.0,1112.0,707.0,543.0,681.0,605.0,700.0,843.0,1002.0,550.0,484.0,514.0,665.0,775.0,736.0,915.0,629.0,666.0,667.0,713.0,669.0,925.0,1074.0,758.0,573.0,589.0,662.0,678.0,916.0,1180.0,742.0,621.0,610.0,698.0,696.0,950.0,1196.0,893.0,488.0,566.0,768.0,601.0,885.0,1139.0,654.0,394.0,521.0,641.0,763.0,785.0,1093.0,547.0,475.0,552.0,639.0,747.0,837.0,1157.0,747.0,575.0,588.0,623.0,757.0,702.0,1034.0,684.0,535.0,625.0,653.0,687.0,895.0,1131.0,681.0,555.0,662.0,643.0,675.0,1071.0,1052.0,989.0,716.0,528.0,554.0,793.0,823.0,1089.0,699.0,580.0,689.0,667.0,692.0,985.0,1034.0,679.0,531.0,539.0,539.0,891.0,818.0,972.0,699.0,592.0,556.0,614.0,717.0,868.0,1021.0,655.0,517.0,495.0,776.0,757.0,921.0,1093.0,743.0,532.0,618.0,764.0,708.0,870.0,1120.0,725.0,470.0,573.0,661.0,878.0,917.0,1180.0,661.0,509.0,567.0,546.0,675.0,939.0,1073.0,604.0,459.0,562.0,586.0,831.0,810.0,1236.0,692.0,554.0,680.0,548.0,714.0,897.0,1089.0,697.0,567.0,571.0,649.0,591.0,809.0,1117.0,665.0,498.0,531.0,593.0,760.0,820.0,1077.0,617.0,588.0,572.0,548.0,1038.0,900.0,1053.0,585.0,466.0,682.0,543.0,708.0,808.0,921.0,634.0,539.0,546.0,593.0,874.0,870.0,849.0,544.0,594.0,597.0
CLEANING,68437.0,80761.0,54139.0,51418.0,47031.0,48612.0,48454.0,64095.0,74210.0,51568.0,46347.0,45718.0,43308.0,49353.0,67645.0,75697.0,53758.0,69451.0,78145.0,65923.0,68614.0,71954.0,88851.0,69582.0,65616.0,61613.0,47729.0,55936.0,71354.0,91582.0,55360.0,50897.0,59465.0,45575.0,49828.0,68814.0,76749.0,58946.0,52517.0,53936.0,48487.0,56782.0,70165.0,74347.0,53833.0,47457.0,54772.0,70321.0,69089.0,93749.0,106446.0,71720.0,74315.0,69883.0,51430.0,56281.0,70753.0,82977.0,57608.0,51948.0,54423.0,54059.0,59239.0,82230.0,93399.0,71078.0,73754.0,77190.0,74707.0,85189.0,90433.0,91092.0,72206.0,78308.0,75062.0,90013.0,83278.0,405.0,120617.0,92443.0,81434.0,67059.0,67911.0,95113.0,96337.0,65233.0,59545.0,56362.0,49093.0,55920.0,78301.0,87633.0,64306.0,56823.0,54714.0,47111.0,55448.0,83311.0,85253.0,59615.0,54100.0,50074.0,44824.0,52797.0,76456.0,81379.0,55220.0,62831.0,79526.0,65323.0,68500.0,97772.0,96622.0,65748.0,61528.0,64454.0,50040.0,55750.0,74391.0,80074.0,57639.0,45242.0,54721.0,50691.0,58885.0,86151.0,62223.0,60764.0,56225.0,57179.0,59438.0,66123.0,91628.0,76821.0,67572.0,76302.0,79270.0,70989.0,67640.0,91638.0,92988.0,62312.0,57764.0,53212.0,50834.0,56450.0,76302.0,83875.0,56652.0,49793.0,58773.0,52209.0,59283.0,78642.0,84395.0,65329.0,56755.0,54569.0,47655.0,56696.0,80298.0,77174.0,59359.0,49903.0,60524.0,48905.0,64445.0,120902.0,85691.0,71014.0,68027.0,62862.0,55451.0,58360.0,75259.0,83221.0,56868.0,52907.0,52267.0,52993.0,51082.0,69521.0,74317.0,60572.0,53393.0,52982.0,54377.0,65367.0,78616.0,84929.0,60738.0,55687.0,71129.0,52148.0,63244.0,89257.0,86227.0,107970.0,74652.0,74517.0,70331.0,68945.0,87450.0,95620.0,65023.0,59963.0,62988.0,63401.0,62233.0,88256.0,62808.0,70134.0,67655.0,74583.0,55611.0,69256.0,95962.0,109477.0,68072.0,62875.0,58759.0,49415.0,90118.0,77791.0,82923.0,61371.0,56590.0,69587.0,61601.0,72111.0,95175.0,104997.0,73382.0,61149.0,58958.0,50623.0,58839.0,76401.0,85386.0,59069.0,52735.0,56317.0,51120.0,61049.0,77873.0,63535.0,59488.0,60428.0,56742.0,55773.0,64501.0,80451.0,81798.0,65705.0,60870.0,59831.0,53111.0,71476.0,105361.0,107684.0,77790.0,71697.0,67436.0,70514.0,72133.0,92724.0,95296.0,74690.0,65861.0,57622.0,48262.0,54772.0,73659.0,82657.0,63835.0,55196.0,55522.0,55415.0,58117.0,72297.0,80103.0,64812.0,53126.0,57371.0,75347.0,83629.0,102957.0,113817.0,89385.0,103895.0,90407.0,68226.0,61006.0,75596.0,77829.0,60357.0,53472.0,50985.0,45205.0,55682.0,57935.0,61757.0,55032.0,58474.0
DAIRY,53579.0,69044.0,43091.0,36537.0,40031.0,33661.0,38200.0,50282.0,64397.0,40221.0,36335.0,40733.0,33185.0,36898.0,50214.0,58739.0,38137.0,43666.0,55814.0,44297.0,48476.0,51834.0,72286.0,52457.0,47046.0,50491.0,35965.0,41956.0,56947.0,78680.0,46978.0,43442.0,53786.0,35447.0,40055.0,54828.0,69156.0,46375.0,38520.0,45850.0,33846.0,39494.0,51635.0,65263.0,44676.0,37191.0,46114.0,45919.0,45416.0,61128.0,75905.0,46544.0,52010.0,50407.0,38861.0,43064.0,52266.0,68396.0,45132.0,40219.0,46109.0,41717.0,44680.0,58006.0,70593.0,54039.0,52904.0,59696.0,55536.0,68127.0,69685.0,55384.0,45708.0,52203.0,49299.0,64746.0,62988.0,622.0,83430.0,65027.0,59821.0,44781.0,46674.0,63367.0,71459.0,47719.0,42700.0,46650.0,36900.0,44216.0,60560.0,71954.0,50039.0,43165.0,49343.0,35758.0,41024.0,62044.0,71287.0,48592.0,41636.0,46201.0,35103.0,43391.0,59152.0,69121.0,43695.0,46821.0,58356.0,43853.0,47754.0,65932.0,69744.0,47513.0,43107.0,47306.0,37009.0,45108.0,57847.0,69706.0,51363.0,38233.0,47777.0,37253.0,45044.0,64789.0,55014.0,45313.0,41288.0,44274.0,38200.0,44540.0,57275.0,42872.0,42681.0,55563.0,60699.0,47224.0,49322.0,65548.0,72575.0,46523.0,43542.0,46142.0,39467.0,46095.0,60887.0,72985.0,46421.0,41864.0,51108.0,42706.0,50520.0,64942.0,74659.0,52501.0,45994.0,49386.0,39151.0,46708.0,64380.0,69897.0,49233.0,42197.0,52331.0,39814.0,53627.0,85897.0,68825.0,49218.0,46652.0,51390.0,40003.0,44296.0,59025.0,67107.0,44856.0,43331.0,48341.0,48116.0,46799.0,52779.0,61409.0,47012.0,41427.0,45759.0,40226.0,47902.0,58915.0,72861.0,46831.0,43417.0,48758.0,38035.0,46139.0,63547.0,62872.0,80542.0,55238.0,56379.0,42404.0,45536.0,62878.0,78774.0,48298.0,43865.0,49102.0,37720.0,45021.0,70237.0,55583.0,49927.0,47277.0,50153.0,36204.0,43071.0,60647.0,74951.0,46578.0,41251.0,45450.0,34821.0,55567.0,54198.0,66492.0,47147.0,42077.0,50401.0,42526.0,49807.0,66614.0,83951.0,52097.0,44539.0,49652.0,37300.0,44596.0,58589.0,74932.0,45495.0,41906.0,47993.0,38731.0,48006.0,67310.0,59757.0,47643.0,43960.0,47144.0,36800.0,44055.0,57117.0,68519.0,46892.0,39469.0,45452.0,35788.0,44056.0,66762.0,75596.0,52864.0,45847.0,49764.0,38965.0,44171.0,57405.0,66045.0,46350.0,40586.0,45493.0,34485.0,40997.0,53472.0,63760.0,45904.0,40025.0,44636.0,37492.0,41364.0,51050.0,57689.0,47914.0,39929.0,42966.0,33693.0,41282.0,53084.0,59432.0,46493.0,48765.0,50997.0,38537.0,42872.0,52289.0,60062.0,44167.0,38198.0,42374.0,34648.0,44909.0,42854.0,50112.0,43050.0,40707.0
DELI,17126.504,22450.277009999998,13613.135,12159.734,11214.99,11147.159,15546.978000000001,16128.121,20827.828,13151.439,11741.33098,11003.825004,10954.267,14980.960000000001,16344.161004,19459.9,12915.493,16205.459,20375.355,17203.909,21136.374,17640.474,23919.02,16746.07698,15661.52097,14686.28498,12524.011989999999,17644.103,19095.422,25612.378,14777.327,13762.209,15045.137,12019.105,16699.220016,18519.247,23922.231,15964.251,13843.742,13962.84603,11251.693998,15958.117,17458.53198,21047.302004,14518.914,12471.914999999999,13742.965,16420.377,18711.60902,21701.844,26057.790996,16035.583,17864.539,15436.983,13470.583,18002.105,17626.901,22550.72898,15269.06003,13422.443,13836.382,13378.636,19890.482,19020.83998,24288.377,17753.74,17622.924,19040.614,19364.18598,24810.52602,25402.587,19717.883,16238.26401,17649.03398,17394.44302,25131.23904,21917.25003,195.975,29112.201,21832.204,16707.475,14081.931,17151.61,20621.236,23196.33697,15377.442,13871.791,13240.064,11643.51401,16683.41101,18838.311,22894.432,15826.309,13724.815,13445.02299,12029.104,16957.013,20613.413,23073.93798,16287.682999999999,14003.84699,13169.783,11646.76501,17320.62999,19484.283,22241.155,14011.138,16129.37,17874.375966,15926.312,19977.79598,22672.323,24175.446,16048.319,14837.845,14648.296,12714.716,17447.32,18537.7,21984.723996,16213.403004,12778.223,13503.816,13010.10098,17518.33598,20746.74299,17282.373,15154.952,13678.761,13126.817,13212.829,18204.28603,19784.468,16021.75398,16194.624,19592.341,19150.701,15883.47,19699.322,21438.898,23967.583,15570.337,14115.561,13295.038,13239.98599,18584.508,19872.684,23006.756999999998,15297.61999,13888.773,15566.375,13989.265,18505.32997,20449.735,22634.289,16257.59,14791.385,13833.845,13252.719,18684.254,21243.572,22307.874,15791.779,13488.152,15300.66302,12775.84,20535.188,29189.3,23118.85001,17615.427,16393.982,15617.127,13679.459986,17608.52,19597.85399,22310.485,14539.602,13635.07599,12211.031,12466.444,14883.487000000001,18180.65802,20842.34701,15555.483,14475.932999999999,13941.55303,13228.955,18571.142,18880.652,23372.261,15194.982998,14206.28099,13906.933,12723.929,18757.326,21914.861,21895.843,27930.96199,18388.937,16813.981,13734.57,17660.21298,20987.807,24740.375,15311.831,13776.316,13287.773,12398.45002,17410.642996,22230.243,18187.75,16921.949,16435.649,14629.278,12756.435,17167.00401,19929.73397,24374.039,15085.57499,14038.21899,13083.95199,12277.164996,21883.118,19054.43599,22303.024,16220.392,14776.686,16189.744,15760.701,21844.092,23627.34,27899.607,16782.148,15214.84601,14710.947,13020.777,18495.885,20035.563996,24779.37,15381.417,14423.045,13614.149,12914.313,19037.66702,21662.381,19314.52402,15553.05501,15056.726,12952.088020000001,11809.646,18311.751,19149.43698,21802.124,14457.017,13243.177,12569.512,12362.356996,18893.395,23880.658,26672.013004,19332.364,16721.17999,15976.33998,14597.814,19532.795000000002,20472.40502,22988.216,16428.321,14625.396,13926.928,12447.279,18884.523,19583.98701,22569.670000000002,16759.873,14636.720998,13756.85101,13043.531,17967.209,18259.769,20733.488,15981.639,14122.599,13175.858,11553.986996,18126.842,19142.27,21337.199,16678.315,18713.21,16545.577,14423.675,18881.439,18866.154,21537.071,15485.989,13814.34,13164.23998,12231.03499,18680.488004,15689.89301,17593.27402,14662.741,14935.453
EGGS,11087.0,14066.0,15311.0,7960.0,8190.0,7146.0,8169.0,10336.0,14158.0,19230.0,8047.0,7897.0,6587.0,8277.0,11096.0,12654.0,16759.0,9355.0,10094.0,10320.0,10355.0,10096.0,13886.0,22878.0,9689.0,9577.0,7001.0,8715.0,10923.0,15630.0,18780.0,8555.0,9338.0,6974.0,8796.0,10784.0,13904.0,19296.0,8356.0,8515.0,6684.0,8160.0,10186.0,13708.0,18009.0,7987.0,8372.0,9191.0,9555.0,11722.0,14809.0,21736.0,10500.0,9244.0,7669.0,8466.0,10757.0,13292.0,17475.0,8064.0,8012.0,8099.0,9138.0,10790.0,13397.0,18348.0,9326.0,9894.0,9191.0,10996.0,11374.0,16608.0,9779.0,10437.0,8659.0,11330.0,10854.0,103.0,18796.0,13344.0,11063.0,9004.0,8698.0,11334.0,13580.0,13676.0,8343.0,8029.0,6888.0,8357.0,11029.0,13645.0,13105.0,8313.0,7820.0,6552.0,8156.0,12141.0,13146.0,14389.0,8153.0,7857.0,6198.0,8013.0,11138.0,12847.0,13232.0,9015.0,10038.0,7844.0,9303.0,11740.0,13259.0,11648.0,7699.0,8898.0,7053.0,8152.0,10417.0,12944.0,12693.0,7040.0,8404.0,8125.0,9655.0,12598.0,10541.0,13314.0,8886.0,8192.0,7723.0,9932.0,11865.0,9410.0,11131.0,12564.0,12720.0,10420.0,10392.0,12704.0,14060.0,13860.0,9163.0,8917.0,7444.0,9180.0,11385.0,14162.0,13015.0,8109.0,9626.0,8224.0,9202.0,12039.0,13921.0,14454.0,8659.0,8988.0,7145.0,9397.0,11070.0,13305.0,12730.0,7718.0,8802.0,7286.0,10216.0,15831.0,12567.0,14016.0,9586.0,9025.0,8034.0,8592.0,10758.0,13348.0,13589.0,9129.0,8420.0,10056.0,9698.0,10694.0,12127.0,14051.0,9316.0,8878.0,8095.0,9112.0,11067.0,14271.0,14413.0,9108.0,9097.0,7528.0,9138.0,11823.0,12001.0,19610.0,11384.0,9917.0,8007.0,9036.0,11886.0,15471.0,14982.0,8398.0,8724.0,7279.0,8930.0,13260.0,10581.0,15112.0,10123.0,9201.0,7335.0,9054.0,11787.0,14690.0,13949.0,8544.0,8228.0,7297.0,11349.0,10823.0,13012.0,14091.0,8700.0,9202.0,8363.0,10951.0,12943.0,16456.0,15484.0,8884.0,9238.0,8110.0,9499.0,12029.0,15568.0,14299.0,9469.0,9030.0,7943.0,10478.0,14322.0,12460.0,14602.0,10348.0,9069.0,6978.0,8750.0,11531.0,14180.0,13542.0,8395.0,8350.0,7089.0,9061.0,13249.0,15861.0,16458.0,9881.0,8941.0,7672.0,9033.0,11052.0,13737.0,15233.0,8565.0,8438.0,7054.0,9050.0,11266.0,13650.0,15264.0,8935.0,9150.0,7977.0,9735.0,10622.0,13476.0,14347.0,8981.0,8386.0,7530.0,10450.0,11091.0,13048.0,15017.0,11871.0,9919.0,7894.0,9618.0,10734.0,13293.0,14597.0,8682.0,8198.0,8016.0,9428.0,9560.0,11478.0,14600.0,9624.0
FROZEN FOODS,10069.131,8514.496986,5380.559998,4891.857,5217.142002,5014.84102,7273.317,9460.854,7982.5579960000005,4695.241002,4677.427002,5557.801003,4825.766,7087.986,10837.303998,7873.391,5042.844,6700.444,9655.285,7992.652996,9199.761,9594.761003,8551.983,5849.051,5986.207,6265.408,5385.762998,7091.909,10022.152992,9294.12,5492.331006,5520.384000999999,6986.953012,5455.074008,7929.939998,11176.60203,9672.675,6762.902998,6698.504006,7366.946002,6014.874998,8197.209954,10942.680996000001,9656.37902,6257.311002,6295.153001,7668.905974,9539.312972,10150.375997000001,13926.89302,12297.33401,21348.498983999998,11464.783998,10875.565123,10915.826,14837.388008,20418.137,18529.08595,23339.58387,22712.142788,32866.912037,32206.44599,65088.534135,58606.12801,62029.60888,68972.892905,82051.21496,109451.1241,96905.35804,91756.49899,49125.38403,26747.261845,26433.315951,39280.51403,41578.29482,45110.21695,32037.25391,777.0,11980.091981,8997.205039,9256.197994,6962.985998,9061.35701,11757.900994,9112.547994,6040.371986,5652.114997,6374.298006,5666.246999,7918.028016,10926.31502,8851.923,5698.93202,5694.258025,6054.745002000001,5165.02701,7014.501009,10510.439992,8542.95299,5760.911996,5595.00599,5718.342986,5164.085001,7408.007992,10426.16999,7945.4010020000005,4720.385998,5284.964994,6914.005,5751.177998,7520.893002,11906.594,8703.998,5767.087011,5923.088991,6625.892999,5231.715998,7428.526,11341.031,8050.628024,5759.779,5761.268001,6028.601974,5467.325006,6645.493994,9665.808,6730.09,5018.747,5009.207,5601.390002,5678.544998,8295.278992,12060.05998,9374.461995,8123.935988,7762.824002,6904.154,6013.127996,7661.870001,11418.238,8913.190004,5194.447,5408.662995,6206.187004,5366.662,7124.62,9891.316004,8262.340998,5052.036992,4987.622,5683.614,5689.71201,7430.259,11063.76,8142.293,5389.412,5616.76401,5822.038998,6275.805,7358.168004,10785.525,7998.074,5051.884,5057.689,5811.287,5240.103002,7041.438,11427.506,7733.26,5359.717999,5582.323998,6053.015,5632.859,7195.116002,10099.907996,7722.617,5052.14399,5071.880004,5657.100994,6239.702,7562.375996,9993.03301,7562.04,5628.393006,5594.226992,5553.867,5739.238,8098.028995,11259.678,8899.944,5385.057,5489.641,6102.346014,5484.549991,8630.9,12384.462004,8692.915,10093.95997,6474.007,7069.505002,5860.918001,8290.284005,11477.18897,9145.761998,5927.864992,6138.91098,7110.545948,7156.566009,9882.753002,13348.805996,8179.543996,5828.855,5893.807,6230.265,5759.939,7911.064,11062.898,8848.087,5463.975,5437.923006,6038.249015,6217.870996,11123.902966,10534.432996,7640.651,5318.217,5165.808992,6435.745004,6566.374,9474.385004,12107.559006,9795.01,6299.196,5670.271999,6641.25103,5476.738999,8061.605996,11016.832996,8259.279998,5067.443,5414.407996,6475.552992,6645.19802,9814.932999,13055.574,8399.079006,5500.505,5357.101008,5638.402,5051.267005,8041.76499,10955.09002,8271.04902,5462.881003,4906.368,5805.440993,5364.822,8132.0479940000005,12040.241002,9370.688,6560.371019,6349.132,6852.871,5780.835014,7752.952005,10823.37398,7736.754004,5410.813976,5435.512001,5810.217999,5409.869004,7582.688005,10466.956,8063.397,5425.588,5061.880002,5531.912996,5713.711007,7680.79902,10352.76799,7929.269,5705.086002,5347.322,5703.014996,5609.829,8423.32601,10466.068,7621.709002,5694.973988,6382.369,6683.844,5983.572004,8313.880004,10610.388004,7775.089996,5550.519996,5463.014001,5798.881,5998.15299,9473.182999999999,9077.454,6476.55599,5422.669,5309.611004
GROCERY I,267296.737,328004.322,211547.87,188088.864,180780.167,172086.821,184723.541,248149.917,299180.504,198551.225,178507.736,170707.0,161035.113,180171.818,248688.609,282533.016,199818.887,252354.113,294122.549,245076.593,256548.526,275166.218,351095.489,250798.331,226945.098,224668.166,176812.224,205336.269,276217.866,345032.878,219897.376,202823.317,235505.27,189332.719,218481.84100000001,281438.088,334426.044,231283.925,208830.983,214367.837,181074.162,211344.729,267974.986,308257.897,222589.643,193324.33299999998,221747.168,289689.792,263266.533,354348.142,398378.733,307665.714,291190.488,266602.07,222288.266,235245.91,288835.971,350255.704,301380.004,248243.757,267589.502,255609.61800000002,302208.024,340408.274,401211.913,351702.981,384623.784,387603.442,400889.065,425386.443,413170.207,309767.773,242792.095,265759.513,257006.744,329599.654,302232.811,1998.0,415182.95,321085.262,274170.595,226863.181,235068.611,320763.751,339817.859,226842.223,205076.937,205405.492,179500.37099999998,209872.858,288095.323,329467.396,232165.605,206967.7,206805.163,171175.212,198853.649,305018.808,312620.555,228583.123,202106.376,199000.605,165307.223,197385.774,281685.01,305678.012,200919.49,226270.58,275177.113,232517.241,245091.774,343967.653,342708.874,236867.255,216520.006,213844.332,186073.662,206531.308,269201.309,307274.383,241771.932,191858.428,200588.27,193857.796,217764.076,313204.68200000003,243177.648,225840.753,208361.029,209516.849,201323.924,233815.187,305460.836,221940.676,215098.977,275016.397,295126.952,259788.339,264090.104,348517.992,372100.339,252379.543,240369.361,242247.203,193059.978,215667.05299999999,289700.863,328098.714,217528.88,198212.856,226180.308,209162.458,227644.344,299913.532,328556.893,241522.93,211813.445,210061.511,214049.286,229219.616,303456.489,318392.578,232377.549,208732.716,238416.338,199325.174,271958.43,474003.906,380816.88,269080.837,264689.049,247860.95799999998,214907.11000000002,225595.598,308170.625,338844.119,227312.148,239881.428,249778.371,224628.894,218652.376,269564.397,295452.592,231756.22,208816.366,206401.619,206543.467,225577.685,282475.805,329521.778,222334.133,208465.077,209080.768,180000.938,224719.261,318911.93,309323.864,400850.63300000003,269057.77999999997,276532.7,222406.434,229544.417,318692.98,376379.473,236850.469,217042.416,218644.624,199971.162,224118.241,332853.784,263932.462,249391.748,241186.132,242271.766,189992.941,225889.53,314630.342,349106.17,235352.441,216349.816,207528.358,184282.369,284289.827,280306.776,313695.155,233553.12,231107.946,258090.75,244432.37900000002,269708.907,366851.135,420484.196,287651.913,247529.789,244550.415,209010.648,230238.391,296191.212,359159.341,231623.812,225098.796,231383.757,199755.29,236330.623,320835.094,278084.93,236571.109,234485.237,216428.204,182687.088,212785.126,282434.723,317588.572,220335.828,198345.961,198716.759,190098.64,228539.867,375440.305,398356.868,288954.266,257414.024,243726.892,207284.273,223152.148,289414.594,316177.751,235318.508,208359.298,203237.328,182709.476,209990.75,276323.261,309084.549,241417.015,211924.156,218927.014,202736.576,217576.952,269126.244,297691.697,240691.265,210986.016,205754.648,196079.18,233685.813,303657.532,328519.734,270215.666,301453.492,281631.338,227658.804,244474.234,292312.398,314408.414,244548.234,213902.289,210097.703,194854.086,238221.922,238627.633,258442.452,225355.694,224208.125
GROCERY II,1196.0,1334.0,858.0,919.0,854.0,789.0,918.0,1222.0,1275.0,845.0,814.0,786.0,768.0,993.0,1092.0,1051.0,722.0,908.0,1041.0,946.0,1099.0,1027.0,1328.0,945.0,898.0,981.0,811.0,1027.0,1152.0,1390.0,923.0,826.0,1001.0,911.0,1316.0,1196.0,1318.0,1031.0,986.0,930.0,763.0,1019.0,1129.0,1226.0,977.0,840.0,891.0,1096.0,1167.0,1195.0,1545.0,3685.0,1158.0,1129.0,1129.0,1482.0,1316.0,1376.0,1013.0,1210.0,1391.0,1500.0,1615.0,1831.0,1766.0,1757.0,2334.0,2477.0,2726.0,3811.0,3744.0,1750.0,1732.0,2425.0,2907.0,4358.0,4436.0,17.0,1881.0,1283.0,1251.0,1028.0,1066.0,1439.0,1372.0,871.0,1033.0,936.0,990.0,1066.0,1403.0,1402.0,981.0,849.0,930.0,879.0,918.0,1377.0,1408.0,958.0,888.0,905.0,821.0,885.0,1313.0,1395.0,767.0,882.0,1254.0,993.0,1097.0,1343.0,1373.0,968.0,1103.0,971.0,1040.0,1149.0,1236.0,1440.0,1378.0,1086.0,982.0,868.0,1056.0,1454.0,1167.0,1014.0,1010.0,1050.0,978.0,1187.0,1193.0,1005.0,1031.0,1466.0,1385.0,1115.0,1159.0,1558.0,1511.0,1162.0,1068.0,1089.0,1106.0,1200.0,1282.0,1485.0,1045.0,922.0,1040.0,971.0,1167.0,1435.0,1564.0,976.0,1059.0,1038.0,1092.0,1116.0,1445.0,1457.0,988.0,859.0,977.0,919.0,1188.0,1829.0,1319.0,1000.0,1065.0,1005.0,1045.0,1168.0,1388.0,1405.0,941.0,939.0,1094.0,1028.0,1069.0,1143.0,1316.0,1116.0,921.0,1169.0,1173.0,1257.0,1413.0,1700.0,1116.0,1086.0,1173.0,1079.0,1326.0,1656.0,1657.0,1960.0,1465.0,1456.0,1247.0,1329.0,1840.0,2040.0,1303.0,1228.0,1479.0,1560.0,1956.0,3025.0,1693.0,1309.0,1287.0,1392.0,1116.0,1406.0,1853.0,2253.0,1434.0,1239.0,1328.0,1162.0,1802.0,1811.0,1915.0,1373.0,1274.0,1403.0,1508.0,1583.0,1880.0,2038.0,1525.0,1451.0,1431.0,1182.0,1445.0,1838.0,2029.0,1241.0,1214.0,1602.0,1396.0,2011.0,2472.0,1885.0,1406.0,1406.0,1486.0,1259.0,1600.0,1869.0,1997.0,1313.0,1255.0,1283.0,1204.0,1591.0,1977.0,2286.0,1664.0,1401.0,1498.0,1352.0,1553.0,1842.0,2006.0,1479.0,1175.0,1441.0,1508.0,2015.0,2386.0,2552.0,1552.0,1596.0,1849.0,1672.0,1790.0,2169.0,2436.0,2141.0,1944.0,1881.0,1609.0,2212.0,2683.0,2467.0,1806.0,1960.0,1903.0,1424.0,1521.0,1845.0,1768.0,1515.0,1268.0,1239.0,1399.0,1653.0,1555.0,1504.0,1371.0,1300.0
HARDWARE,67.0,57.0,41.0,48.0,53.0,59.0,61.0,76.0,65.0,45.0,61.0,51.0,45.0,65.0,66.0,62.0,44.0,111.0,73.0,107.0,63.0,80.0,81.0,53.0,44.0,64.0,59.0,66.0,91.0,89.0,63.0,51.0,48.0,59.0,60.0,77.0,111.0,64.0,42.0,76.0,53.0,72.0,63.0,86.0,76.0,47.0,61.0,76.0,61.0,81.0,120.0,62.0,67.0,67.0,73.0,55.0,78.0,99.0,65.0,69.0,53.0,68.0,63.0,101.0,95.0,79.0,93.0,81.0,70.0,80.0,104.0,96.0,68.0,64.0,70.0,76.0,63.0,0.0,110.0,72.0,69.0,48.0,53.0,105.0,104.0,70.0,62.0,50.0,68.0,63.0,88.0,77.0,54.0,59.0,60.0,43.0,39.0,90.0,92.0,59.0,51.0,51.0,42.0,79.0,63.0,73.0,61.0,60.0,48.0,55.0,45.0,73.0,74.0,54.0,51.0,67.0,50.0,45.0,97.0,97.0,68.0,44.0,66.0,60.0,54.0,99.0,85.0,61.0,61.0,61.0,73.0,60.0,98.0,83.0,72.0,93.0,60.0,69.0,68.0,83.0,118.0,75.0,61.0,58.0,61.0,60.0,94.0,117.0,87.0,70.0,61.0,68.0,72.0,100.0,123.0,74.0,71.0,68.0,71.0,67.0,113.0,104.0,60.0,54.0,76.0,50.0,66.0,104.0,61.0,77.0,106.0,64.0,78.0,60.0,80.0,121.0,66.0,100.0,72.0,57.0,69.0,107.0,96.0,78.0,76.0,69.0,57.0,87.0,90.0,79.0,62.0,77.0,56.0,71.0,75.0,85.0,115.0,123.0,76.0,82.0,83.0,74.0,120.0,110.0,74.0,97.0,86.0,71.0,72.0,103.0,75.0,85.0,75.0,79.0,74.0,72.0,108.0,125.0,72.0,58.0,60.0,80.0,107.0,94.0,121.0,66.0,73.0,77.0,73.0,73.0,83.0,114.0,79.0,52.0,79.0,72.0,73.0,71.0,105.0,71.0,77.0,94.0,70.0,73.0,90.0,74.0,73.0,80.0,80.0,64.0,70.0,67.0,104.0,73.0,72.0,51.0,57.0,60.0,113.0,131.0,80.0,96.0,72.0,63.0,76.0,102.0,106.0,59.0,64.0,95.0,67.0,76.0,91.0,99.0,79.0,59.0,49.0,76.0,72.0,78.0,83.0,85.0,78.0,86.0,60.0,72.0,95.0,109.0,81.0,86.0,70.0,58.0,78.0,75.0,110.0,72.0,77.0,83.0,59.0,83.0,89.0,108.0,66.0,57.0
HOME AND KITCHEN I,1661.0,1743.0,1242.0,1104.0,1201.0,1273.0,1435.0,1823.0,1768.0,1179.0,1173.0,1167.0,1364.0,1289.0,1607.0,1852.0,1171.0,1845.0,1921.0,1805.0,1652.0,1572.0,1604.0,1300.0,1150.0,1205.0,1214.0,1416.0,1626.0,1996.0,1632.0,1215.0,1513.0,1732.0,1647.0,1959.0,1811.0,1266.0,1415.0,1356.0,1194.0,1374.0,2229.0,1962.0,1135.0,1075.0,1348.0,1495.0,1693.0,1929.0,1958.0,1455.0,1848.0,1476.0,1729.0,1862.0,1970.0,1994.0,1523.0,1522.0,2752.0,1816.0,2438.0,3099.0,3065.0,2199.0,2320.0,2888.0,3768.0,4344.0,4821.0,2857.0,2449.0,4624.0,2858.0,3775.0,4124.0,44.0,2957.0,2291.0,2421.0,2687.0,3008.0,4100.0,4592.0,2835.0,3448.0,3009.0,2446.0,2642.0,3484.0,3414.0,2918.0,2365.0,2213.0,1818.0,1622.0,2492.0,2157.0,1730.0,2041.0,1718.0,1545.0,1804.0,2370.0,2161.0,1220.0,1567.0,2078.0,2150.0,1864.0,2486.0,2312.0,1568.0,1627.0,1454.0,1609.0,1994.0,1984.0,2110.0,1637.0,1605.0,1442.0,1578.0,1389.0,1963.0,1616.0,1391.0,1421.0,1993.0,2315.0,3206.0,4030.0,4002.0,2286.0,2942.0,2108.0,1983.0,1973.0,2175.0,2320.0,1457.0,1541.0,1401.0,1309.0,1336.0,1829.0,1774.0,1226.0,1186.0,1283.0,1416.0,1616.0,1909.0,1906.0,1178.0,1116.0,1204.0,1248.0,1531.0,1969.0,1553.0,1131.0,1025.0,1223.0,1743.0,1354.0,2250.0,1797.0,1414.0,1341.0,1531.0,1238.0,1457.0,2155.0,1783.0,1217.0,1169.0,1431.0,1633.0,1655.0,1704.0,1663.0,1271.0,1084.0,1165.0,1384.0,1551.0,1996.0,2107.0,1426.0,1315.0,1616.0,1385.0,1748.0,2293.0,2126.0,2392.0,1679.0,1548.0,1433.0,1675.0,2039.0,2264.0,1338.0,1462.0,1452.0,1498.0,1664.0,2479.0,1580.0,1450.0,1630.0,1374.0,1459.0,1448.0,1931.0,1870.0,1282.0,1235.0,1563.0,1262.0,2214.0,1859.0,2271.0,1369.0,1267.0,1378.0,1604.0,2001.0,2320.0,2452.0,1471.0,1470.0,1522.0,1440.0,1685.0,2266.0,2283.0,1484.0,1688.0,1615.0,2078.0,2261.0,4494.0,2079.0,1260.0,1415.0,1291.0,1744.0,1602.0,2018.0,1882.0,1409.0,1354.0,1537.0,1585.0,1649.0,2580.0,2322.0,1674.0,1597.0,1632.0,1663.0,1677.0,1947.0,2239.0,1420.0,1769.0,1443.0,1565.0,1493.0,1855.0,2051.0,1425.0,1372.0,1452.0,1453.0,1658.0,1907.0,1995.0,1436.0,1467.0,1352.0,1136.0,1467.0,2302.0,2013.0,1357.0,1619.0,1686.0,1288.0,1546.0,1968.0,1923.0,1428.0,1467.0,1477.0,1801.0,2189.0,2046.0,1874.0,1682.0,1669.0
HOME AND KITCHEN II,1402.0,1793.0,1079.0,946.0,1053.0,1100.0,969.0,1697.0,1591.0,1234.0,1212.0,1063.0,1184.0,1029.0,1480.0,1395.0,1115.0,1427.0,1714.0,1495.0,1666.0,1824.0,1779.0,1280.0,1233.0,1262.0,985.0,1237.0,1528.0,2016.0,1230.0,1060.0,1288.0,1088.0,1070.0,1772.0,1720.0,1414.0,1124.0,1545.0,1105.0,1426.0,1681.0,1738.0,1144.0,1233.0,1268.0,1589.0,1338.0,1844.0,2242.0,1564.0,1686.0,1413.0,1486.0,1222.0,1481.0,2140.0,1432.0,1222.0,1644.0,1645.0,1643.0,2232.0,2431.0,2379.0,2138.0,2314.0,2210.0,1872.0,1956.0,1811.0,1466.0,1590.0,1377.0,1724.0,1390.0,16.0,1940.0,1475.0,1385.0,1235.0,1266.0,1872.0,2048.0,1347.0,1323.0,1380.0,1157.0,1344.0,1716.0,1991.0,1265.0,1322.0,1246.0,1087.0,1144.0,1709.0,1779.0,1327.0,1141.0,1138.0,1002.0,1107.0,1622.0,1860.0,1090.0,1385.0,1592.0,1493.0,1594.0,2356.0,2180.0,1425.0,1608.0,1450.0,1324.0,1441.0,1852.0,1991.0,1513.0,1222.0,1339.0,1247.0,1482.0,1926.0,1453.0,1306.0,1470.0,1374.0,1387.0,1492.0,2012.0,1502.0,1417.0,1804.0,1730.0,1654.0,1607.0,2251.0,2163.0,1422.0,1466.0,1308.0,2352.0,1367.0,1827.0,2002.0,1361.0,1328.0,1586.0,1351.0,1453.0,2044.0,2106.0,1474.0,1466.0,1318.0,1187.0,1083.0,1711.0,1871.0,1139.0,1244.0,1297.0,1637.0,1401.0,2277.0,1851.0,1227.0,1313.0,1381.0,1388.0,1198.0,1689.0,1866.0,1268.0,1185.0,1235.0,1524.0,1374.0,1682.0,1784.0,1468.0,1301.0,1152.0,1384.0,1391.0,1976.0,1871.0,1335.0,1320.0,1416.0,1172.0,1413.0,2148.0,2158.0,2683.0,1619.0,1740.0,1424.0,1503.0,2087.0,2309.0,1519.0,1348.0,1711.0,1293.0,1342.0,2175.0,1492.0,1495.0,1618.0,1420.0,1386.0,2203.0,2295.0,2698.0,1891.0,1658.0,1998.0,1458.0,2313.0,2119.0,2322.0,1721.0,1705.0,2241.0,1519.0,1936.0,2461.0,2507.0,2021.0,1577.0,1970.0,1660.0,1433.0,1818.0,2115.0,1434.0,1312.0,1501.0,1372.0,1328.0,1626.0,1527.0,1349.0,1343.0,1562.0,1196.0,1311.0,1868.0,2689.0,1400.0,1323.0,2004.0,1359.0,1451.0,2188.0,2297.0,1650.0,1576.0,1607.0,1353.0,1582.0,1822.0,2104.0,1511.0,1526.0,1631.0,1179.0,1254.0,1677.0,1807.0,1391.0,1269.0,1314.0,1590.0,1270.0,2176.0,1812.0,1436.0,1326.0,1955.0,1305.0,1399.0,2182.0,2495.0,1809.0,1848.0,1615.0,1389.0,1885.0,1958.0,2238.0,1778.0,1804.0,1570.0,1146.0,1504.0,1504.0,1625.0,1668.0,1448.0
HOME APPLIANCES,10.0,11.0,7.0,2.0,2.0,3.0,10.0,6.0,15.0,4.0,1.0,4.0,2.0,0.0,6.0,8.0,10.0,5.0,12.0,9.0,7.0,13.0,10.0,7.0,7.0,6.0,10.0,4.0,4.0,11.0,6.0,4.0,6.0,6.0,9.0,6.0,18.0,8.0,8.0,3.0,2.0,3.0,7.0,10.0,9.0,6.0,9.0,9.0,10.0,9.0,15.0,4.0,12.0,5.0,5.0,5.0,6.0,6.0,3.0,5.0,7.0,7.0,8.0,17.0,24.0,23.0,20.0,34.0,25.0,23.0,32.0,42.0,32.0,23.0,25.0,26.0,27.0,0.0,40.0,25.0,31.0,22.0,31.0,29.0,37.0,30.0,14.0,26.0,9.0,14.0,19.0,21.0,20.0,10.0,22.0,28.0,24.0,33.0,34.0,26.0,25.0,27.0,26.0,16.0,43.0,35.0,15.0,28.0,29.0,21.0,31.0,48.0,50.0,34.0,24.0,29.0,34.0,30.0,39.0,36.0,24.0,26.0,32.0,23.0,31.0,46.0,36.0,23.0,24.0,25.0,29.0,30.0,25.0,36.0,48.0,46.0,48.0,35.0,41.0,48.0,54.0,28.0,30.0,32.0,35.0,33.0,45.0,52.0,44.0,29.0,32.0,43.0,38.0,48.0,65.0,41.0,32.0,20.0,25.0,23.0,49.0,58.0,28.0,32.0,30.0,14.0,27.0,58.0,38.0,32.0,31.0,37.0,32.0,37.0,39.0,52.0,34.0,28.0,30.0,39.0,45.0,41.0,46.0,37.0,25.0,22.0,35.0,28.0,43.0,52.0,36.0,36.0,36.0,34.0,28.0,28.0,60.0,66.0,29.0,42.0,27.0,29.0,58.0,54.0,28.0,33.0,26.0,17.0,29.0,68.0,39.0,47.0,35.0,41.0,46.0,31.0,57.0,44.0,28.0,25.0,22.0,29.0,50.0,47.0,49.0,28.0,23.0,43.0,27.0,29.0,43.0,50.0,45.0,38.0,29.0,31.0,32.0,42.0,56.0,33.0,33.0,34.0,29.0,30.0,43.0,38.0,31.0,34.0,39.0,24.0,33.0,48.0,35.0,32.0,24.0,33.0,22.0,17.0,33.0,51.0,31.0,25.0,27.0,23.0,16.0,31.0,48.0,22.0,18.0,16.0,20.0,22.0,26.0,30.0,17.0,23.0,14.0,18.0,12.0,17.0,20.0,21.0,15.0,10.0,8.0,5.0,10.0,20.0,22.0,14.0,16.0,9.0,9.0,12.0,16.0,14.0,21.0,7.0,6.0,10.0,8.0,2.0,4.0,3.0
HOME CARE,17900.0,22081.0,13784.0,11752.0,10657.0,10863.0,10644.0,15549.0,19925.0,12401.0,11226.0,10639.0,10164.0,11260.0,17773.0,21421.0,14153.0,17841.0,21383.0,17648.0,17990.0,19565.0,24840.0,17970.0,15868.0,14582.0,10978.0,12914.0,18777.0,25397.0,14241.0,13256.0,15526.0,11484.0,12287.0,18958.0,22687.0,15226.0,13011.0,13499.0,10699.0,13319.0,18338.0,21574.0,14401.0,12125.0,13897.0,16926.0,15382.0,23278.0,26982.0,16301.0,17896.0,15738.0,10825.0,11371.0,15870.0,19619.0,12974.0,11026.0,10718.0,10363.0,11568.0,17371.0,22027.0,15284.0,14834.0,15219.0,14430.0,17557.0,19501.0,23085.0,17750.0,18369.0,17859.0,21228.0,20370.0,139.0,32723.0,23350.0,20266.0,17030.0,16245.0,24056.0,25513.0,16263.0,14435.0,13671.0,11525.0,12751.0,20141.0,23613.0,16520.0,13796.0,13233.0,11215.0,12571.0,21258.0,23046.0,15517.0,13095.0,12909.0,10779.0,12932.0,19994.0,22331.0,13764.0,16412.0,19617.0,15704.0,15217.0,23388.0,23823.0,15372.0,13672.0,13657.0,11732.0,12316.0,18137.0,21553.0,14343.0,11039.0,14036.0,13062.0,14096.0,22139.0,18343.0,16045.0,14496.0,14248.0,13916.0,15370.0,22105.0,16468.0,15085.0,20084.0,20667.0,18330.0,17077.0,24368.0,26271.0,16700.0,14704.0,14124.0,13050.0,13703.0,20022.0,23892.0,14930.0,13151.0,15424.0,13286.0,13899.0,20995.0,23690.0,16756.0,14040.0,13528.0,11942.0,13909.0,20645.0,23015.0,15384.0,13105.0,15606.0,12111.0,15963.0,31742.0,24066.0,17548.0,16746.0,16066.0,13325.0,12852.0,19574.0,22279.0,13919.0,12948.0,12010.0,12765.0,13129.0,17564.0,20314.0,15240.0,13413.0,12387.0,13138.0,13708.0,18796.0,23098.0,14643.0,13505.0,13386.0,11828.0,13540.0,22341.0,22278.0,28166.0,17967.0,16971.0,13472.0,12924.0,20466.0,24065.0,14755.0,12533.0,12256.0,11147.0,11806.0,19443.0,16573.0,16195.0,15506.0,14690.0,11812.0,12945.0,20815.0,24292.0,14706.0,13860.0,12889.0,11032.0,18219.0,18590.0,21116.0,14410.0,12869.0,13730.0,14374.0,15356.0,22328.0,26187.0,15961.0,13606.0,13187.0,10633.0,11613.0,17073.0,21327.0,12963.0,11758.0,11706.0,11944.0,13240.0,19721.0,17869.0,15662.0,14950.0,13658.0,11959.0,13378.0,19632.0,23737.0,15163.0,13197.0,13671.0,13013.0,15341.0,28299.0,30795.0,20957.0,18119.0,16395.0,13579.0,14398.0,20202.0,23720.0,15728.0,13662.0,13261.0,12659.0,14479.0,20706.0,24714.0,16759.0,15486.0,14906.0,14203.0,14840.0,20578.0,23230.0,18420.0,15408.0,14098.0,12950.0,15366.0,21997.0,24298.0,19204.0,21901.0,19064.0,13801.0,13462.0,18691.0,20837.0,15209.0,13203.0,12352.0,11704.0,13747.0,14692.0,16564.0,13818.0,13644.0
LADIESWEAR,871.0,1220.0,458.0,460.0,383.0,458.0,413.0,870.0,1179.0,424.0,484.0,387.0,384.0,330.0,677.0,999.0,382.0,356.0,588.0,529.0,575.0,762.0,1202.0,492.0,493.0,455.0,346.0,462.0,793.0,1254.0,451.0,475.0,555.0,422.0,442.0,783.0,1116.0,460.0,485.0,450.0,414.0,518.0,792.0,923.0,377.0,365.0,440.0,447.0,432.0,792.0,993.0,374.0,616.0,397.0,416.0,393.0,683.0,865.0,426.0,396.0,428.0,459.0,512.0,736.0,1157.0,577.0,686.0,680.0,647.0,667.0,740.0,834.0,493.0,539.0,477.0,593.0,719.0,0.0,1302.0,628.0,582.0,522.0,526.0,923.0,1097.0,499.0,391.0,509.0,390.0,495.0,1025.0,1340.0,624.0,476.0,524.0,473.0,422.0,1018.0,1354.0,509.0,454.0,466.0,438.0,458.0,990.0,1319.0,525.0,530.0,674.0,520.0,480.0,1005.0,1221.0,452.0,498.0,482.0,414.0,448.0,900.0,1270.0,564.0,383.0,626.0,466.0,439.0,977.0,976.0,533.0,509.0,545.0,363.0,408.0,726.0,429.0,579.0,987.0,627.0,496.0,499.0,985.0,1231.0,557.0,485.0,437.0,435.0,419.0,959.0,1218.0,547.0,434.0,565.0,448.0,465.0,859.0,1269.0,561.0,453.0,555.0,407.0,430.0,988.0,1092.0,478.0,399.0,446.0,441.0,462.0,1318.0,1039.0,452.0,474.0,553.0,451.0,456.0,894.0,1182.0,465.0,493.0,428.0,384.0,533.0,784.0,1084.0,540.0,460.0,427.0,424.0,520.0,964.0,1293.0,531.0,439.0,502.0,429.0,492.0,832.0,773.0,1225.0,538.0,559.0,465.0,454.0,965.0,1338.0,558.0,513.0,459.0,435.0,418.0,993.0,998.0,656.0,677.0,603.0,516.0,614.0,1030.0,1317.0,557.0,545.0,494.0,379.0,822.0,836.0,1121.0,390.0,437.0,519.0,468.0,545.0,988.0,1288.0,551.0,511.0,537.0,487.0,472.0,906.0,1218.0,456.0,468.0,516.0,485.0,549.0,970.0,986.0,507.0,441.0,478.0,458.0,532.0,962.0,1216.0,522.0,444.0,483.0,461.0,429.0,1104.0,1291.0,639.0,509.0,502.0,508.0,462.0,902.0,990.0,477.0,470.0,455.0,394.0,402.0,782.0,1063.0,511.0,479.0,531.0,444.0,454.0,842.0,1091.0,602.0,574.0,487.0,463.0,483.0,808.0,882.0,466.0,563.0,557.0,467.0,448.0,826.0,982.0,473.0,454.0,408.0,296.0,460.0,599.0,722.0,487.0,503.0
LAWN AND GARDEN,440.0,323.0,184.0,208.0,251.0,213.0,285.0,352.0,330.0,207.0,178.0,311.0,250.0,342.0,362.0,343.0,202.0,466.0,525.0,363.0,384.0,341.0,245.0,179.0,234.0,319.0,182.0,271.0,365.0,313.0,162.0,170.0,290.0,170.0,302.0,389.0,327.0,171.0,181.0,264.0,214.0,306.0,306.0,802.0,199.0,165.0,254.0,645.0,865.0,1024.0,837.0,619.0,621.0,758.0,620.0,908.0,1007.0,802.0,597.0,635.0,755.0,680.0,918.0,978.0,913.0,621.0,627.0,962.0,808.0,1177.0,1254.0,605.0,611.0,861.0,886.0,1482.0,1860.0,32.0,706.0,619.0,808.0,705.0,912.0,1114.0,979.0,555.0,613.0,930.0,622.0,890.0,1040.0,931.0,581.0,633.0,803.0,634.0,874.0,1164.0,901.0,685.0,624.0,933.0,653.0,989.0,1087.0,901.0,570.0,657.0,899.0,581.0,931.0,1164.0,833.0,580.0,622.0,884.0,728.0,1047.0,1141.0,1221.0,3601.0,5493.0,616.0,401.0,703.0,947.0,557.0,501.0,539.0,698.0,717.0,901.0,1018.0,783.0,709.0,794.0,881.0,644.0,884.0,1076.0,994.0,621.0,974.0,1572.0,541.0,933.0,800.0,875.0,546.0,624.0,775.0,663.0,879.0,1063.0,847.0,515.0,628.0,834.0,609.0,792.0,948.0,825.0,548.0,556.0,771.0,620.0,909.0,1104.0,788.0,553.0,608.0,803.0,615.0,782.0,949.0,922.0,520.0,629.0,866.0,765.0,752.0,891.0,844.0,583.0,599.0,868.0,703.0,996.0,1065.0,1032.0,492.0,695.0,857.0,671.0,935.0,1269.0,1158.0,966.0,640.0,935.0,662.0,1058.0,1212.0,919.0,636.0,646.0,884.0,977.0,1982.0,6963.0,2394.0,351.0,494.0,828.0,566.0,966.0,1137.0,869.0,635.0,743.0,941.0,830.0,1314.0,1161.0,943.0,627.0,735.0,938.0,728.0,1044.0,1034.0,1002.0,643.0,675.0,954.0,710.0,973.0,1093.0,1098.0,650.0,677.0,966.0,808.0,1579.0,1917.0,1163.0,511.0,635.0,898.0,702.0,1005.0,1028.0,905.0,618.0,647.0,891.0,707.0,1049.0,1280.0,1044.0,621.0,692.0,1029.0,756.0,1068.0,1175.0,1006.0,664.0,724.0,936.0,702.0,1030.0,1127.0,928.0,684.0,710.0,895.0,770.0,1032.0,1090.0,910.0,708.0,669.0,880.0,775.0,941.0,1142.0,945.0,567.0,707.0,929.0,725.0,909.0,1094.0,872.0,654.0,628.0,855.0,751.0,1156.0,978.0,750.0,654.0,679.0
LINGERIE,322.0,374.0,289.0,245.0,262.0,244.0,330.0,370.0,412.0,226.0,219.0,244.0,245.0,247.0,359.0,312.0,277.0,348.0,369.0,343.0,291.0,283.0,349.0,287.0,376.0,293.0,226.0,239.0,379.0,397.0,294.0,237.0,295.0,301.0,295.0,361.0,386.0,280.0,283.0,228.0,284.0,317.0,354.0,471.0,329.0,231.0,272.0,352.0,341.0,465.0,454.0,331.0,374.0,248.0,356.0,325.0,365.0,381.0,258.0,263.0,273.0,296.0,381.0,394.0,468.0,361.0,409.0,422.0,461.0,469.0,485.0,552.0,374.0,399.0,420.0,498.0,425.0,3.0,555.0,451.0,432.0,383.0,357.0,494.0,406.0,292.0,330.0,265.0,328.0,264.0,404.0,524.0,345.0,361.0,326.0,320.0,313.0,448.0,436.0,289.0,243.0,251.0,286.0,290.0,452.0,421.0,272.0,347.0,316.0,350.0,367.0,537.0,432.0,362.0,354.0,314.0,311.0,304.0,389.0,402.0,312.0,270.0,301.0,297.0,329.0,413.0,310.0,284.0,321.0,328.0,301.0,393.0,529.0,332.0,303.0,414.0,353.0,373.0,369.0,488.0,434.0,333.0,429.0,319.0,279.0,375.0,476.0,426.0,353.0,296.0,345.0,292.0,383.0,477.0,440.0,346.0,344.0,307.0,273.0,347.0,407.0,401.0,319.0,332.0,328.0,312.0,356.0,603.0,390.0,369.0,331.0,338.0,349.0,359.0,415.0,487.0,302.0,381.0,322.0,314.0,373.0,431.0,420.0,348.0,336.0,301.0,419.0,419.0,567.0,626.0,528.0,450.0,450.0,366.0,431.0,656.0,553.0,748.0,512.0,472.0,368.0,409.0,561.0,676.0,439.0,370.0,417.0,382.0,412.0,540.0,438.0,463.0,440.0,379.0,312.0,318.0,423.0,517.0,288.0,307.0,273.0,301.0,421.0,413.0,440.0,315.0,304.0,351.0,306.0,346.0,481.0,566.0,390.0,319.0,395.0,293.0,335.0,463.0,415.0,329.0,333.0,328.0,290.0,331.0,385.0,328.0,326.0,382.0,421.0,335.0,398.0,389.0,417.0,323.0,297.0,299.0,374.0,393.0,526.0,546.0,402.0,319.0,323.0,294.0,363.0,412.0,401.0,313.0,312.0,348.0,292.0,329.0,396.0,418.0,348.0,310.0,296.0,321.0,311.0,399.0,345.0,347.0,286.0,276.0,236.0,264.0,418.0,404.0,329.0,456.0,357.0,440.0,373.0,450.0,523.0,378.0,398.0,360.0,399.0,445.0,462.0,470.0,418.0,458.0
"LIQUOR,WINE,BEER",8456.0,3743.0,2329.0,2597.0,3327.0,3326.0,6174.0,8116.0,3746.0,1980.0,2269.0,3683.0,3334.0,6006.0,8778.0,4025.0,2778.0,5826.0,9536.0,8549.0,8940.0,7696.0,3273.0,2382.0,2677.0,3285.0,5131.0,5194.0,8353.0,3822.0,2621.0,4309.0,4746.0,3432.0,6176.0,8506.0,4308.0,2731.0,2870.0,3967.0,4208.0,7103.0,9364.0,7320.0,2484.0,2904.0,3704.0,4917.0,8254.0,12550.0,7127.0,8807.0,5140.0,4951.0,4517.0,8108.0,10292.0,6007.0,3519.0,4486.0,5299.0,6294.0,10952.0,12846.0,8039.0,7293.0,9899.0,12989.0,14979.0,19749.0,23226.0,8288.0,6305.0,9322.0,12138.0,21214.0,30210.0,875.0,4991.0,3166.0,3302.0,3468.0,5821.0,9142.0,3701.0,2265.0,2429.0,2934.0,3364.0,6433.0,9013.0,3961.0,2538.0,2511.0,3306.0,3271.0,5419.0,9286.0,4370.0,2395.0,2613.0,3014.0,3492.0,6262.0,9113.0,3781.0,1941.0,2491.0,3512.0,3324.0,6191.0,8904.0,4006.0,2447.0,2898.0,3509.0,3539.0,6878.0,9586.0,3945.0,3260.0,4920.0,3699.0,5516.0,1607.0,0.0,0.0,2822.0,3394.0,3769.0,4622.0,9479.0,14724.0,11232.0,11099.0,6000.0,2757.0,3224.0,5965.0,9045.0,3939.0,2200.0,2666.0,3611.0,3578.0,6723.0,9167.0,3911.0,2683.0,2731.0,3263.0,3684.0,7290.0,9854.0,4389.0,2681.0,3242.0,3637.0,7120.0,6324.0,10658.0,4150.0,2686.0,5883.0,3956.0,4898.0,1464.0,0.0,0.0,2356.0,3269.0,3934.0,3483.0,6742.0,9512.0,3761.0,2560.0,3381.0,4006.0,7098.0,8665.0,10046.0,4431.0,2335.0,2856.0,3092.0,3913.0,6816.0,9722.0,5054.0,3441.0,2528.0,3463.0,4909.0,7517.0,11307.0,7453.0,5714.0,3188.0,3323.0,3462.0,6168.0,8205.0,4012.0,2234.0,2698.0,3078.0,3794.0,7753.0,11783.0,6071.0,2374.0,2672.0,3372.0,3021.0,6127.0,8312.0,3915.0,2594.0,2556.0,3487.0,5735.0,10608.0,9293.0,3731.0,2362.0,2813.0,3168.0,3784.0,7038.0,10453.0,3767.0,2300.0,2710.0,2934.0,3266.0,6325.0,8637.0,4042.0,2054.0,2565.0,3313.0,4345.0,9129.0,13946.0,8037.0,2529.0,3594.0,4313.0,3670.0,7451.0,9230.0,4532.0,2558.0,2883.0,3792.0,4352.0,7006.0,10753.0,5021.0,2680.0,2892.0,3788.0,4004.0,6638.0,9524.0,4176.0,2523.0,2584.0,3323.0,4572.0,7131.0,9612.0,4713.0,2512.0,2975.0,3476.0,4372.0,7617.0,9728.0,6039.0,3299.0,3096.0,3543.0,4441.0,7208.0,10349.0,4334.0,2796.0,3702.0,4877.0,4343.0,6839.0,9242.0,4440.0,2695.0,3130.0,3966.0,6376.0,11033.0,10058.0,4294.0,2839.0,3461.0
MAGAZINES,514.0,538.0,280.0,226.0,223.0,329.0,480.0,522.0,627.0,317.0,332.0,330.0,254.0,286.0,430.0,485.0,283.0,344.0,534.0,388.0,358.0,357.0,392.0,245.0,241.0,208.0,183.0,273.0,447.0,462.0,305.0,232.0,249.0,202.0,394.0,569.0,554.0,376.0,367.0,330.0,260.0,276.0,332.0,403.0,254.0,219.0,208.0,270.0,353.0,443.0,432.0,274.0,290.0,286.0,256.0,336.0,438.0,435.0,303.0,363.0,337.0,357.0,473.0,727.0,752.0,514.0,510.0,496.0,487.0,591.0,621.0,474.0,335.0,394.0,349.0,403.0,393.0,4.0,420.0,189.0,189.0,173.0,149.0,322.0,274.0,191.0,174.0,181.0,266.0,430.0,553.0,500.0,297.0,293.0,285.0,229.0,353.0,564.0,467.0,380.0,284.0,336.0,289.0,374.0,432.0,412.0,277.0,276.0,308.0,270.0,299.0,333.0,271.0,193.0,151.0,169.0,260.0,428.0,584.0,637.0,380.0,331.0,360.0,364.0,385.0,560.0,322.0,257.0,264.0,226.0,217.0,480.0,791.0,493.0,431.0,436.0,404.0,406.0,307.0,432.0,440.0,219.0,205.0,162.0,313.0,431.0,573.0,575.0,329.0,315.0,335.0,274.0,312.0,382.0,358.0,234.0,240.0,214.0,239.0,339.0,480.0,431.0,260.0,243.0,306.0,265.0,292.0,401.0,245.0,142.0,174.0,170.0,167.0,362.0,637.0,594.0,393.0,399.0,428.0,533.0,470.0,482.0,440.0,348.0,311.0,301.0,328.0,430.0,508.0,522.0,314.0,311.0,317.0,316.0,372.0,506.0,456.0,418.0,213.0,281.0,346.0,377.0,626.0,602.0,355.0,356.0,334.0,319.0,420.0,485.0,354.0,279.0,284.0,246.0,251.0,377.0,502.0,513.0,311.0,304.0,306.0,321.0,492.0,373.0,358.0,261.0,214.0,239.0,280.0,270.0,356.0,396.0,253.0,282.0,283.0,290.0,414.0,593.0,557.0,365.0,328.0,305.0,348.0,470.0,602.0,461.0,312.0,293.0,272.0,251.0,323.0,376.0,324.0,248.0,200.0,202.0,164.0,206.0,292.0,259.0,167.0,159.0,160.0,308.0,426.0,584.0,506.0,364.0,309.0,315.0,298.0,364.0,447.0,443.0,312.0,253.0,298.0,335.0,428.0,543.0,474.0,344.0,293.0,276.0,291.0,320.0,352.0,346.0,245.0,275.0,247.0,167.0,298.0,509.0,505.0,460.0,353.0,362.0,355.0,500.0,483.0,469.0,457.0,461.0
MEATS,19420.829015,22402.564967,15929.319061,14605.689969,14021.656984,16526.153989,25142.938002,18384.343,21091.25,15277.551974,15425.34298,13868.928,15922.219000000001,24777.704006,18634.32102,19167.56005,14605.924964,17900.4,20411.191996,19860.163085,25951.227119,19652.028002,21984.81914,17429.857973,16527.09406,16351.156005,16471.39304,26497.377894,19738.223036,23191.469958,15551.31496,15918.51203,16906.487994,17402.579024,27534.05929,19229.974998,22947.1639,17318.45497,16354.853013,15835.327998,17162.30504,29411.102882,18761.614018,20688.480015,15899.386016,15097.807023,14968.240972,21157.97205,29515.862887,21766.080028,24674.030974,16850.336977,19829.986034,15777.386021,17379.09301,26208.46299,17635.323022,21008.21601,15633.38597,14966.973054,14257.122022,18623.224911,28211.720088000002,18739.30596,22017.518079999998,17719.915,17819.420018,18861.972932,20362.70001,25604.928987,17521.645017,19893.614113,16959.17905,18804.291991,21696.050004,28871.643034,17660.828998,270.711,26380.205918,23086.12908,19932.560025,19923.0671,28491.328974,22093.877,23980.096002,16576.09994,17649.334048,16630.859024999998,17739.783998,30410.80098,22952.24203,24100.74387,17986.932059,16725.918999999998,16301.009003,17398.84299,27656.93706,21729.344004,22306.132994,16740.46002,16224.801968,15448.55005,17153.054028,25584.586998,20265.839982,21117.16002,15113.08697,16977.06602,20030.00799,20335.38896,29413.965035,23494.46102,23254.94798,17127.61501,16869.889995999998,16006.054024,17764.623012,26766.664035,19181.15299,21479.90093,16833.219049,14348.160034,16202.592997,17996.46504,28501.951775999998,23484.958783,18286.340946,16713.589034,16149.218016,15541.826044,18375.67107,27042.540986,20458.15196,16373.340972,15854.04004,18762.225004,19711.98796,20974.1111,27352.666171,22816.76291,23749.936014,16088.630976,16613.435994,15679.74198,17633.98802,25986.158973999998,19745.79903,22353.726032,15863.142977,14856.743034000001,16384.687065,19161.146037,26999.98297,20593.901006,22762.547906,17138.806997,16646.36607,15149.979044,17284.914995,26466.82577,21278.505966,21492.46495,17306.316018,15204.166015,15614.46599,17442.157982,28591.46308,29536.78306,22178.91594,16619.247022,17789.174994,16430.58296,17804.269036,25648.756964,19780.603952999998,20238.984049,14479.800987999999,13254.760021,13084.10496,14387.033002,17449.509875,18071.46692,18889.307988,16568.92702,17674.017045,16558.622108,19576.117006,27428.961878,19452.173005,22759.942056,16091.291941,15913.451035,15348.182996,17701.263982,27681.03816,21280.99895,21525.591018,24671.77996,19136.379977,17877.824031,19648.523009,27787.895997,21055.864978,23467.17799,16248.44004,15823.405934,15585.425009999999,17457.581016,27271.623911,22778.729046,17754.16986,17199.31902,18416.451986,17591.024024,18006.98896,26858.210006,21335.10497,23229.569096,16188.835077,15937.554005,16588.81699,17646.696966,30105.769,19836.08999,20802.98701,16965.245934,15906.142966,16497.78893,20881.44099,32031.362095,23563.18801,27245.56599,18850.609019,17775.43202,17154.898979999998,19140.55,28515.327082,20474.922035,24034.652916,15929.697015,15567.988998,15846.096997999999,19968.20994,31186.584979,24022.969999,19848.552021,16422.54503,18507.611008,16534.59896,18189.96098,28814.422018,20764.863976,22326.528894,16648.06904,15391.94697,15763.994026,18033.714,29744.527186,26056.432025000002,27089.56595,19070.98897,17678.678976,19235.916093,19707.792972,28892.8161,20379.455023,22313.398914,16261.260992,16907.24601,16141.286948,18059.27095,27462.45407,20325.562036,21527.66206,18332.05697,16981.936986,16778.897023999998,18586.33799,29939.54318,20568.153023,22392.76494,18858.202036,16672.487934,16620.173053,18518.570956,27798.671016,20238.47985,21829.517,18101.85908,21091.8681,20151.530048,20418.489996,29885.10598,21418.266,22116.61919,17640.57002,15925.54206,16879.122994,19184.93903,26944.09201,17775.650112,18633.015039,16975.68604,17928.170944
PERSONAL CARE,18072.0,23331.0,13625.0,11894.0,10512.0,11077.0,10924.0,16226.0,21509.0,12324.0,11590.0,10430.0,9572.0,10415.0,17392.0,21407.0,13865.0,18600.0,22823.0,19073.0,19289.0,20543.0,26292.0,20678.0,16476.0,14811.0,10685.0,13071.0,19065.0,25993.0,14659.0,13860.0,18196.0,11946.0,12293.0,19740.0,24132.0,14643.0,12935.0,12942.0,10396.0,12671.0,17834.0,21242.0,13316.0,12170.0,15533.0,20687.0,17278.0,27634.0,29886.0,17126.0,20654.0,15424.0,13001.0,13292.0,18751.0,24547.0,15186.0,14496.0,12958.0,12252.0,13450.0,21610.0,27705.0,18518.0,18628.0,18884.0,16888.0,20235.0,22531.0,27933.0,19099.0,21366.0,19669.0,22782.0,20883.0,142.0,38576.0,26370.0,23035.0,19490.0,18066.0,29068.0,31351.0,19705.0,18081.0,17831.0,14440.0,16046.0,24053.0,27745.0,18621.0,15803.0,14679.0,12245.0,12615.0,22731.0,24973.0,16842.0,17469.0,16063.0,11443.0,13527.0,21479.0,24725.0,14178.0,18270.0,23522.0,18314.0,17604.0,28532.0,27887.0,17712.0,15774.0,15008.0,12142.0,13377.0,19524.0,23556.0,15074.0,11433.0,14474.0,13568.0,14476.0,23981.0,19288.0,17280.0,14716.0,14097.0,13977.0,16137.0,24458.0,17485.0,16357.0,22283.0,22248.0,19908.0,17712.0,26803.0,28817.0,17136.0,14923.0,13616.0,12335.0,13320.0,21753.0,24582.0,14553.0,12575.0,15059.0,13559.0,13793.0,21704.0,25952.0,17120.0,15562.0,13219.0,13104.0,13679.0,21764.0,23800.0,16381.0,13178.0,16192.0,12992.0,17208.0,38243.0,27536.0,20381.0,19563.0,17525.0,14843.0,14501.0,21755.0,26689.0,15308.0,14378.0,14704.0,13188.0,14297.0,19701.0,22675.0,16839.0,14397.0,13254.0,13378.0,13274.0,19618.0,24879.0,15235.0,13856.0,13749.0,11645.0,14003.0,24298.0,24154.0,31975.0,20112.0,18320.0,14128.0,13702.0,22617.0,26652.0,15038.0,12818.0,12369.0,11044.0,11652.0,19893.0,16588.0,16173.0,16012.0,14583.0,11619.0,12673.0,21573.0,25085.0,15214.0,13941.0,12341.0,10596.0,18600.0,19305.0,22223.0,14832.0,13512.0,14598.0,16360.0,19431.0,28530.0,34184.0,19964.0,17961.0,16871.0,14165.0,13856.0,21780.0,26649.0,15649.0,14008.0,13511.0,12646.0,14808.0,21249.0,19308.0,17556.0,16237.0,13816.0,10871.0,11919.0,19279.0,22413.0,14067.0,12419.0,12167.0,11440.0,14371.0,28906.0,31447.0,20129.0,17806.0,15321.0,12799.0,12900.0,19561.0,22902.0,14798.0,12309.0,12160.0,11265.0,12443.0,20552.0,23450.0,16488.0,14632.0,14002.0,13282.0,14559.0,18575.0,22385.0,17042.0,13915.0,14471.0,11769.0,13939.0,22057.0,24777.0,18664.0,22839.0,22275.0,15417.0,15392.0,21176.0,24398.0,17716.0,14118.0,14098.0,11605.0,15978.0,15903.0,18188.0,15077.0,14787.0
PET SUPPLIES,513.0,682.0,343.0,303.0,320.0,293.0,330.0,485.0,623.0,312.0,323.0,364.0,298.0,306.0,441.0,529.0,318.0,437.0,540.0,416.0,436.0,436.0,535.0,373.0,287.0,300.0,293.0,335.0,456.0,601.0,323.0,284.0,351.0,289.0,314.0,520.0,576.0,260.0,287.0,286.0,261.0,317.0,450.0,511.0,333.0,294.0,351.0,353.0,344.0,635.0,642.0,359.0,452.0,392.0,322.0,332.0,494.0,632.0,330.0,369.0,364.0,337.0,406.0,598.0,714.0,460.0,430.0,402.0,421.0,523.0,475.0,585.0,450.0,448.0,443.0,506.0,512.0,4.0,692.0,479.0,439.0,412.0,381.0,607.0,617.0,424.0,369.0,369.0,320.0,368.0,527.0,629.0,378.0,344.0,374.0,306.0,348.0,611.0,673.0,376.0,314.0,311.0,296.0,366.0,567.0,601.0,351.0,433.0,469.0,389.0,443.0,681.0,637.0,392.0,355.0,371.0,325.0,342.0,531.0,610.0,358.0,313.0,363.0,372.0,380.0,644.0,474.0,354.0,324.0,372.0,363.0,448.0,695.0,486.0,507.0,606.0,471.0,393.0,405.0,635.0,669.0,368.0,402.0,384.0,369.0,378.0,613.0,781.0,415.0,353.0,427.0,411.0,432.0,592.0,711.0,432.0,395.0,392.0,366.0,342.0,622.0,673.0,421.0,381.0,428.0,366.0,416.0,896.0,673.0,399.0,422.0,397.0,406.0,330.0,587.0,679.0,388.0,411.0,409.0,493.0,506.0,470.0,551.0,390.0,333.0,331.0,384.0,418.0,591.0,700.0,412.0,400.0,432.0,359.0,435.0,759.0,705.0,713.0,449.0,428.0,416.0,390.0,654.0,757.0,421.0,343.0,421.0,356.0,418.0,688.0,581.0,461.0,441.0,432.0,424.0,448.0,682.0,752.0,427.0,415.0,358.0,364.0,496.0,461.0,578.0,394.0,394.0,465.0,431.0,504.0,814.0,862.0,471.0,402.0,395.0,389.0,446.0,571.0,734.0,461.0,401.0,436.0,434.0,447.0,739.0,664.0,417.0,443.0,421.0,368.0,405.0,647.0,599.0,350.0,358.0,450.0,391.0,481.0,843.0,837.0,525.0,457.0,490.0,407.0,443.0,627.0,697.0,475.0,358.0,363.0,337.0,396.0,581.0,641.0,379.0,347.0,362.0,328.0,399.0,492.0,602.0,454.0,352.0,363.0,350.0,390.0,628.0,655.0,425.0,449.0,446.0,430.0,390.0,597.0,622.0,387.0,378.0,392.0,350.0,587.0,508.0,541.0,417.0,364.0
PLAYERS AND ELECTRONICS,563.0,821.0,459.0,455.0,394.0,436.0,457.0,583.0,765.0,427.0,420.0,434.0,380.0,437.0,639.0,723.0,498.0,625.0,718.0,607.0,633.0,658.0,798.0,572.0,446.0,465.0,407.0,406.0,676.0,910.0,454.0,427.0,501.0,467.0,497.0,694.0,790.0,571.0,551.0,566.0,397.0,530.0,718.0,885.0,520.0,449.0,547.0,565.0,554.0,966.0,1083.0,666.0,794.0,656.0,557.0,573.0,847.0,999.0,585.0,571.0,560.0,526.0,611.0,967.0,1187.0,833.0,840.0,913.0,874.0,1236.0,1977.0,1587.0,885.0,845.0,910.0,989.0,1019.0,12.0,1230.0,732.0,653.0,558.0,576.0,883.0,1016.0,572.0,545.0,548.0,501.0,479.0,848.0,966.0,591.0,505.0,561.0,445.0,467.0,872.0,991.0,622.0,506.0,480.0,468.0,534.0,801.0,929.0,460.0,607.0,662.0,540.0,574.0,894.0,975.0,537.0,558.0,513.0,427.0,515.0,710.0,840.0,513.0,470.0,502.0,456.0,508.0,796.0,635.0,453.0,459.0,454.0,503.0,559.0,858.0,651.0,634.0,807.0,648.0,642.0,626.0,853.0,941.0,544.0,538.0,506.0,452.0,487.0,785.0,874.0,475.0,495.0,558.0,471.0,598.0,803.0,913.0,525.0,510.0,496.0,430.0,490.0,738.0,855.0,482.0,444.0,485.0,474.0,578.0,1042.0,820.0,577.0,586.0,547.0,509.0,544.0,828.0,958.0,509.0,554.0,548.0,683.0,642.0,759.0,877.0,564.0,511.0,530.0,561.0,583.0,817.0,956.0,546.0,507.0,544.0,504.0,590.0,837.0,813.0,1113.0,657.0,616.0,504.0,540.0,838.0,959.0,608.0,460.0,510.0,481.0,526.0,843.0,702.0,569.0,580.0,588.0,482.0,535.0,838.0,1062.0,630.0,529.0,509.0,437.0,801.0,762.0,914.0,506.0,475.0,599.0,554.0,604.0,863.0,1045.0,596.0,516.0,554.0,509.0,520.0,800.0,989.0,583.0,493.0,494.0,502.0,526.0,858.0,788.0,509.0,545.0,543.0,451.0,529.0,724.0,839.0,536.0,464.0,507.0,437.0,491.0,939.0,1022.0,635.0,635.0,605.0,471.0,584.0,737.0,846.0,539.0,558.0,523.0,424.0,507.0,800.0,899.0,565.0,509.0,544.0,561.0,526.0,716.0,820.0,517.0,458.0,502.0,531.0,538.0,824.0,876.0,594.0,647.0,615.0,516.0,567.0,800.0,860.0,633.0,494.0,596.0,563.0,654.0,712.0,741.0,500.0,592.0
POULTRY,22748.571084,27895.40608,16816.253961,16054.389004999999,15365.961035,14729.014997,28067.033079,22314.960928,26538.193026,16439.046159999998,15636.29703,15682.251958,14526.145003,26239.157116000002,21604.03499,23945.13875,15408.906987,19555.52198,23417.693975,20075.387035,27562.076025,21622.756,26762.459995,19793.284994999998,18531.234018,18145.756005,14415.48999,30749.71323,22182.323926,27848.788058,16842.561024,16153.18601,19608.564822,15062.053013,28038.540014,23837.26099,28406.98187,18640.32899,16466.803986,17420.866015,15134.843,28751.413,22609.52012,26048.61004,17349.063012,15364.305057,16933.836091,18933.89005,31186.077864,25855.42589,30242.08406,18358.245006,22633.853908,18282.394006,15214.29199,29234.413985,20962.42385,26036.846044,18775.592026000002,17609.07296,17323.283003,15858.364058,30475.96808,22141.649012,26878.77905,20029.002971,22521.482036,24935.37209,25197.519001,36477.96313,27831.55001,23571.44695,19070.583,20061.746955,18520.353006,33176.80699,23814.903000000002,154.199,31396.309,24948.737902,23288.92611,18666.368972,30437.882891,26965.76702,29606.210927,20132.666986,18478.565121,17836.865002,15414.862973,29894.7311,24356.088996,28796.999004,19805.765988,17694.390035,17326.523997,14589.046995,27728.12905,26432.23598,28395.74497,20022.663,17644.263968,17725.066019,14251.26997,29228.905836,24111.854936,26449.07401,16966.20302,18316.276022000002,22736.59,18838.903866,31842.74297,27646.94394,28099.410988,18844.003963,17365.180015,17925.011984,14888.415986,28742.923927,22282.76901,25459.73508,18073.985006,14726.318004,17661.792,16029.954,28759.722934,26454.376224,20567.87195,17753.059019,16638.923005,16446.82593,15937.837962,25845.97799,23258.576,18576.559979999998,17549.093087,22950.53903,22544.599986,19374.954968,32450.870983,26150.11802,28039.00301,17510.269956,17452.821974,17430.517976,14918.22398,27614.093950000002,23166.186032999998,27059.80393,17661.281985,16579.629,17496.893028,14909.156948,29026.113034,23457.77709,26227.8629,18926.483,16667.684994,16477.654962,14319.689015,26673.06794,23279.084901000002,24622.576953,16266.005018,14291.142951,15400.851994,13938.647014,29618.94382,33399.28406,24502.122017,17412.442996,17549.00001,17908.958011,14251.117004,26255.184964,21511.406015,24727.80503,15664.340017,14384.655987,13266.014952,12549.145985,17812.40896,20050.374992,23057.827941,17711.450004,16496.493964,16915.552991,15585.773978,31338.814974,22617.79199,27687.117068,18328.396015,17084.68901,16296.486994,14149.269001,29071.658998,23972.21405,23560.79497,29367.496994999998,20649.946024,20062.859176,16397.34001,29242.65202,23972.693978,28110.41302,18046.989976,15542.790013,17358.016017,14333.52101,28388.021886,26856.54298,20616.218984,19308.463108,19412.707972,18491.03,14708.234006,26146.34902,23716.148996,27370.90208,18623.603926,17434.286996,16994.59091,15537.216962,30421.226976,21791.15795,24913.79013,17966.276012,16476.26003,18770.14701,18421.83595,36954.96301,28449.651142,33144.565,22139.384975,18327.564964,18714.404999,15569.442007,32047.31699,23426.645914,27976.806,18191.66504,15998.11604,16752.191885,16020.130022,31804.989046000002,26577.92299,22006.33511,18342.301965,17911.06501,17346.208008,13359.666957,27331.365026,22694.929045,25796.2219,17625.547025,16214.573009,16405.729971,14084.822996,29025.674053000002,29361.687958000002,30549.09501,21682.831818,19021.039016,19184.309988,16472.126998,29941.386019999998,23304.378013999998,26372.148966,18755.417018,17316.755979,17129.179008,14511.591989999999,29292.749078,23068.079015,26360.76801,19405.099989,17261.54898,16819.620996,16190.329013,28327.79994,22272.308965,25999.122104000002,19464.66103,16769.651937,16548.687009999998,14552.290992,28521.282225,22477.071864999998,25089.244942,19707.604996000002,21794.47202,20374.95491,17087.54902,28808.840892,22488.516985,25088.214105,18578.793968,16944.166948000002,16484.591012,15056.272956,25318.29799,19134.510058,20509.265004,18597.50806,17586.709986
PREPARED FOODS,6407.426014,7527.577969,5172.588005,4892.174012,4946.68898,4573.74699,5249.857008,6274.206981,7045.186994,4858.462008,4820.441964,4973.62099,4368.462002,4827.747005,6091.762016,6587.175013,4823.462998,5640.2590040000005,6690.280982,5651.1759839999995,5709.181013,5444.711962,6550.405,4962.098986,4624.275996,5482.734999,4399.722,5333.181998,6534.580981,7296.262983,4893.178,4959.17,5400.033956,4739.332,5268.237992,6428.901996,7420.39504,5446.455,4857.261,5093.443,4502.092004,5094.348,6051.373004,5239.718,5003.652024,4684.993983,5415.750997,5373.25298,5807.333043,7159.66199,7711.38495,5550.951974,6107.588991,5428.75599,4918.674001,5581.619,6321.160013,6994.043003,5234.914004,4947.984996,5516.954002,5014.700015,5413.517003,6508.962992,7448.360985,5980.106022,5650.71702,6496.680979,5889.750035,5954.147009,5463.162027,6569.260014,5290.923006,5731.450996,5067.979,6378.881982,5843.57604,56.198997,8291.999035,6794.309003,6304.004013,5477.466996,5848.642014,7543.124022,7488.233016,5447.611995,5352.790996,5792.907002,4938.084994,5707.706,7334.90501,7902.791982,6038.757004,5341.388989,5766.938974,5011.039982,5750.684994,7725.5799799999995,7664.10402,5265.337008,5255.129975,5616.965986,5069.0160049999995,6142.239008,7733.80803,7952.05299,5474.316016,5856.476009,7051.926015,5793.469996,6444.82902,8131.424998,8414.66999,6193.809,5428.814976,5814.284944,5257.840975,5783.704027,7380.42501,7865.142986,6020.13001,5647.89705,6517.32701,5153.4430059999995,6168.794006,8129.6570059999995,6760.95602,5465.09101,5111.239004,5739.59801,5457.68799,6498.345974,7463.43698,5855.011999,5773.967,6959.8230140000005,6647.756046,5774.287015,6000.028002,7899.399948,7923.37599,5246.452024,5169.486012,5277.766002,5137.563992,5892.773018,7433.786034,7462.0750100000005,5319.38399,4934.346018,5902.613974,5447.667014,5914.234976,7189.56103,7757.5849849999995,5553.776014,4729.8070020000005,5326.607994,5125.991008,5847.093996,7525.13499,7150.997004,5366.179006,4868.058007,5785.365018,5041.806,6697.587988,10096.19404,7776.569002,4578.348012,4792.758,5205.087963,4527.262004,5143.802999,6207.594996,6261.67401,4676.381993,4756.277024,5998.607986,6490.323,6881.64399,6083.2470060000005,5821.688073,4342.841024,4345.522981,4491.66302,4300.821019,4913.093022,5656.764976,6342.84098,4324.134,4002.860983,4379.785996,4048.978992,4527.061985,6063.020018,5690.899004,6476.325008,4626.819017,4926.724,4267.455981,4361.827016,6009.804,6395.799977,4604.349998,4177.130027,4522.099019,4030.699984,4431.258989,6130.63806,4867.9989985,4596.603003,4755.800021,4738.09202,4109.007994,4807.158032,5848.872992,6240.419013,4286.517002,4369.995987,4523.857018,3777.012,5644.904941,5532.065013,5847.729994,4691.85799,4179.650022,4916.36799,4643.390001,5089.753016,6186.467013,6360.492024,4042.522006,4447.102984,4905.703006,4184.558999,5003.706975,5663.688004,6181.257996,4552.017018,4477.003,4636.010997,4459.933982,5001.44601,5974.21,4986.603002,4527.618993,4571.262995,4717.713,4255.830008,4544.571026,5469.500984,6169.482996,4463.226001,4126.606015,4497.424,4285.556,4828.748002,6604.611004,6648.925992,5056.886988,4757.387014,4776.572007,4375.973995,4742.858999,5432.161971,5487.480992,4577.192,4100.15899,4523.817981,4052.629986,4433.809018,5292.93502,5534.052983,4759.110995,4322.930002,4502.973983,4150.771996,4550.670007,5374.422019,5573.264,4823.321997,4129.020989,4456.418986,4168.786016,4722.614983,5408.918016,5507.523005,4573.727004,4743.187005,4791.741992,4167.3419969999995,4961.885015,5420.788003,5521.399993,4677.882,4176.582996,4579.0130229999995,4254.738001,5199.494021,4573.465992,4941.509018,4647.375002,4641.52298
PRODUCE,130338.265,161055.9922,113424.59497,106860.822,138579.652,90478.11412,103681.18397,124247.48,149830.874,103186.31506,108796.62,133634.09562,77873.08988,90014.1701,112100.80197,122866.2062,83629.75702,110844.053,140817.198,97017.97899,106851.84541,109198.9847,148466.493,122608.58197,120888.00239,151094.28902999999,82815.596,97381.198,124164.38103,159990.8963,104422.07398999999,106354.06,151705.19888,87913.11397,102969.51783,128935.16,156388.32511,112803.9229,111499.34,149322.33441,85241.55613,97871.952,122751.04427,147993.101,112015.044,108805.6412,146104.92429,100245.89603,108082.59399,135894.73003,159847.58322,106862.22903,134159.5761,153807.441,91172.7219,105139.791,119633.42,146922.886,108266.47290000001,114022.6098,145507.435,94253.7169,111633.507,131549.1912,155663.9546,122554.20388,135833.595,179251.71297,140444.942,176327.96600000001,188809.162,133689.661,130069.1001,160229.2219,126652.839,175022.194,184154.669,1682.844,184113.0289,183306.2268,187242.1896,111743.098,121280.8321,149336.7779,162142.03704999998,113244.155,122204.1531,157241.45103,94540.97203,112292.71927,143640.7482,164374.71,120855.1721,124250.2049,160499.0907,90243.9799,108341.387,153859.66097,167489.5115,117111.4261,121371.36689,154964.40787999998,89687.188,108342.701,141476.8201,156586.304,107300.76703,130130.9679,180631.3989,103550.3658,115459.8568,149599.11145,160564.32813,115803.0482,125034.31633,157578.43623,95425.87593,114692.55687,139090.155,157674.38999999998,121067.266,112781.163,157831.072,95892.37802999999,115640.6651,155227.737,123456.217,113381.9289,121860.132,147310.6254,93296.60902,111756.46598,135490.36601,104141.39295,101270.41,145824.505,187648.14097,118747.003,129347.01911,147338.8162,160039.54912,111966.00912999999,126012.519,153886.436,96172.034,110633.82691,138016.39783,160320.01,112274.1521,119961.2556,161224.9953,97076.61781,113170.05732,139267.04003,158993.8688,120482.91692,124758.4691,153791.19094,89006.72801,107276.9728,136181.705,149023.5519,110965.716,111833.7387,155619.104,89323.644,122156.8139,183265.5323,137925.6279,103579.914,123878.9229,156538.89397,91817.6801,106119.922,131890.91401,149727.05701,104994.853026,117626.8942,146053.25303,103799.8892,98551.67501,118001.23698,136626.8241,115072.02088,122926.80178,150861.6241,99341.3709,115478.073,134587.308,153961.1297,105016.26999,117557.4206,154077.84100000001,89218.8541,111904.023,140346.73192,136304.71,167558.576,143387.5751,171768.9,98646.095,108662.378,140355.68797,166040.73097,113041.193,121685.38893,156932.2731,90412.928,113573.528,167037.76097,129442.522,119972.282,133869.5541,166802.7749,91756.922,111261.7918,142857.93693,169556.52304,115290.9681,120140.44,150621.8632,93178.08302,136728.88403000002,127602.96220000001,148853.38077,117128.7141,124015.70598,160848.4135,105935.2799,123526.768,149040.934,180153.6175,122218.7411,127029.62198,165268.42307,92185.726,112965.04103,133761.407,166293.979,114176.76888,123017.4998,159293.07903,97013.24403,124173.9535,165171.2549,137194.42902,118277.07673,129791.265,156459.2463,90698.878,112962.568,138565.682,155953.9088,113866.377,118274.7379,154674.94002,92482.67185,113161.5359,155487.6309,172890.1386,130389.19902,131534.54802,163804.33003,99395.60498,114346.5741,139294.773,156633.9205,118856.99105,122176.3577,152978.41097,92111.273,110263.0792,133166.714,157883.056,119026.4402,118281.401,150952.69806999998,97593.16687,110555.1281,130700.67968,146226.4572,117117.09500999999,115457.6587,145917.9191,90481.2861,111948.89,131988.66197,146045.795,121885.59180000001,140895.7281,168636.3691,96779.92912,112283.25133,130624.3885,144455.714,114001.20483,117100.9151,143806.117,90194.304,118738.143,111788.3509,125923.8024,115257.59598,125108.971
SCHOOL AND OFFICE SUPPLIES,102.0,176.0,83.0,51.0,69.0,48.0,58.0,101.0,196.0,89.0,111.0,57.0,61.0,65.0,104.0,142.0,64.0,40.0,84.0,65.0,82.0,100.0,161.0,95.0,67.0,86.0,52.0,58.0,89.0,156.0,78.0,59.0,69.0,75.0,71.0,103.0,147.0,87.0,109.0,63.0,49.0,39.0,81.0,164.0,70.0,73.0,71.0,82.0,41.0,113.0,148.0,76.0,110.0,75.0,75.0,43.0,76.0,122.0,71.0,56.0,63.0,39.0,41.0,74.0,129.0,63.0,64.0,47.0,54.0,37.0,36.0,60.0,37.0,42.0,66.0,69.0,41.0,0.0,158.0,109.0,93.0,77.0,55.0,93.0,154.0,84.0,119.0,87.0,63.0,46.0,131.0,175.0,70.0,80.0,85.0,84.0,51.0,105.0,192.0,94.0,88.0,84.0,44.0,46.0,97.0,131.0,89.0,91.0,87.0,81.0,70.0,79.0,126.0,58.0,57.0,58.0,66.0,46.0,71.0,131.0,70.0,46.0,70.0,60.0,43.0,61.0,77.0,44.0,64.0,33.0,35.0,24.0,48.0,36.0,51.0,97.0,91.0,53.0,64.0,87.0,149.0,83.0,105.0,62.0,59.0,65.0,97.0,174.0,85.0,82.0,101.0,87.0,68.0,150.0,186.0,108.0,81.0,109.0,305.0,420.0,779.0,803.0,662.0,657.0,697.0,865.0,912.0,1645.0,927.0,863.0,874.0,719.0,774.0,580.0,1095.0,1073.0,756.0,771.0,727.0,617.0,734.0,836.0,1149.0,718.0,926.0,702.0,807.0,846.0,1175.0,1634.0,1376.0,1324.0,1240.0,1021.0,637.0,1144.0,999.0,1334.0,775.0,560.0,542.0,396.0,523.0,794.0,416.0,328.0,349.0,274.0,186.0,254.0,321.0,278.0,218.0,215.0,154.0,105.0,142.0,255.0,112.0,129.0,102.0,92.0,148.0,120.0,201.0,120.0,88.0,127.0,96.0,72.0,138.0,219.0,85.0,63.0,95.0,60.0,68.0,117.0,162.0,96.0,72.0,60.0,75.0,58.0,81.0,110.0,77.0,68.0,51.0,55.0,51.0,90.0,130.0,79.0,38.0,76.0,51.0,62.0,77.0,153.0,72.0,93.0,68.0,67.0,40.0,77.0,117.0,95.0,57.0,53.0,64.0,35.0,62.0,121.0,67.0,54.0,49.0,100.0,285.0,294.0,356.0,192.0,174.0,166.0,244.0,567.0,1345.0,2027.0,1626.0,2664.0,3104.0,2803.0,3414.0,4601.0,5415.0,3478.0,3227.0,2902.0,2320.0,3523.0,3644.0,3718.0,2826.0,2530.0
SEAFOOD,1412.043001,1833.2550032,1152.9180065,1006.996007,1080.609002,977.043002,1618.0019993,1389.096005,1681.373003,983.6269943,982.6729987,1134.6569947,733.1609979,1488.930004,1211.1760015,1450.231995,943.5440025,1076.354,1425.3020000000001,1008.0350015,1620.654,1382.747002,1706.4719989999999,1320.1590005,1184.744,1223.48799,961.8780067,1627.6710003,1511.866998,1999.034999,1168.591997,1081.2470028,1279.6050033,787.6990009,1362.009002,1234.7609997,1244.3469910000001,763.492001,583.317999,663.745001,558.2560003,1183.359,1267.190996,1458.3320085,961.6859987,772.9750013,1000.221,1024.071006,1438.238994,1291.483001,1552.3999997,849.3679999999999,982.385,1142.8600003,885.987004,1411.173999,1246.927002,1401.719999,978.456002,784.954995,1000.6100035,668.2400013,1297.7649999999999,1157.6029953,1289.671995,1000.9990007,915.460998,956.1400025,857.478998,953.8109991,726.3090003,1112.193006,954.901001,1081.3899961,861.430005,1160.5309963,1026.689001,14.0,1813.425,1465.3040005,1189.843,1113.2280034999999,1611.817,1479.962013,1647.668019,1120.2609995,985.7479989,1114.689,771.828,1499.2100122,1449.434,1597.529992,1101.452004,990.695003,1086.4240063,763.8880023,1398.5979945,1427.953999,1580.012,1117.545001,938.214,935.9780017,791.7140037,1425.872013,1402.523002,1563.121001,973.600003,1050.167,1278.766003,1020.082995,1597.6400023,1492.585005,1541.705007,1109.040997,1044.815994,999.573004,830.460998,1538.8409955,1433.546,1549.751998,1092.9729985,889.708,981.652003,858.0700051,1609.001,1679.363,1173.6209975,994.5159977,963.4760005,919.1219967,847.503996,1467.5819999999999,1314.4759975,1055.555002,1131.926003,1446.4600005,1532.976,1151.238993,1717.876007,1645.1510011999999,1633.507996,790.8120045,751.551,1050.0389957,990.4150007000001,1754.031998,1569.1929955,1842.264003,1132.633002,1122.1699927,1316.079002,1143.293005,1855.046,1597.305998,1791.951996,1325.705999,1131.008001,1225.090996,1023.4060010000001,1642.386005,1409.885,1708.266999,1230.902,1017.5160040000001,1318.4020110000001,862.294,1674.583012,2028.1839989999999,1360.506999,846.497,863.2229997,1064.828003,1089.744003,1692.392996,1450.605998,1609.333002,1042.559994,1045.491,1301.972001,1338.790996,1663.270998,1219.864,1380.766001,998.9320015,872.642,960.1049987,825.9399997,1394.861003,1267.808998,1489.3299995,864.8960010000001,803.781999,923.2469995,695.4099995,1436.0789995,1370.446999,1320.3719985,1782.018004,1167.812995,1204.659995,970.3190020000001,1500.062998,1475.211002,1747.728989,1036.784009,972.1949970000001,1172.607,1000.518,1615.404,1586.752001,1109.968,1176.515991,1207.5659993,1195.405,929.624002,1682.7919997,1557.804005,1764.2939999999999,1011.7390009999999,1056.313998,1052.5570025,962.692,1786.9670005,1386.393005,1465.662003,1047.689002,1036.2250005,1004.113997,1005.642004,1359.869,1231.128001,1516.7500009999999,1055.584,883.1229989999999,893.6499973,715.811,1187.5349969,991.035004,1274.424997,733.0469987,731.403995,853.0779943,677.453,1315.639001,1303.8569975,1091.311,936.015003,937.1419985,888.8280012,792.1269986,1297.5300038999999,1325.578,1492.457004,977.6769975,907.973999,920.0500005,697.513,1372.5439977,1627.1829989999999,1807.1319975000001,1207.058001,982.0869977,1077.839998,856.3789977,1445.432999,1300.8970005,1520.011,1087.4560005,880.967001,910.0250027,763.1849995,1168.7110023,1116.871994,1413.877,992.855995,888.261002,888.5069990000001,832.490001,1279.6170018,1237.136004,1336.117001,995.327001,842.090999,839.655002,652.0699988,1307.9459995,1297.5140059999999,1379.6170027,1106.3700025,1098.729999,1123.256001,924.280005,1379.914007,1307.314,1269.693993,994.672003,997.9810005,981.797001,717.3610027,1272.615997,1028.0300065,1118.047,970.6799988,970.177005
